feature_set,task,stage,mean_fit_time,std_fit_time,mean_score_time,std_score_time,param_model__C,param_model__epsilon,param_model__gamma,params,split0_test_rmse,split1_test_rmse,split2_test_rmse,split3_test_rmse,split4_test_rmse,mean_test_rmse,std_test_rmse,rank_test_rmse,split0_test_mae,split1_test_mae,split2_test_mae,split3_test_mae,split4_test_mae,mean_test_mae,std_test_mae,rank_test_mae,split0_test_r2,split1_test_r2,split2_test_r2,split3_test_r2,split4_test_r2,mean_test_r2,std_test_r2,rank_test_r2,rows_used,n_iter,cv,refit_metric,mode,param_model__class_weight,split0_test_pr_auc,split1_test_pr_auc,split2_test_pr_auc,split3_test_pr_auc,split4_test_pr_auc,mean_test_pr_auc,std_test_pr_auc,rank_test_pr_auc,split0_test_roc_auc,split1_test_roc_auc,split2_test_roc_auc,split3_test_roc_auc,split4_test_roc_auc,mean_test_roc_auc,std_test_roc_auc,rank_test_roc_auc
FS-Primary,regression,phaseA,1.07855281829834,0.1791363991370849,0.47464957237243655,0.03551877547555697,0.7459343285726545,3.3299643571142106,0.024810409748678097,"{'model__C': np.float64(0.7459343285726545), 'model__epsilon': np.float64(3.3299643571142106), 'model__gamma': 0.024810409748678097}",-3.4287428747127953,-3.389457064825098,-3.3508443566639237,-3.4420222454206,-3.423583412754919,3.4069299908754673,0.032971218358831995,10.0,-2.7209983751668094,-2.6661991234633695,-2.673231149938647,-2.72765574795485,-2.68901279285023,2.6954194378747816,0.024821981052595334,11.0,0.13794758785791905,0.15748973632031715,0.16133885479611731,0.1369497335979286,0.16117643651196356,0.15098046981684915,0.011138599531719555,10.0,10000,40,5,rmse,FULL,,,,,,,,,,,,,,,,,
FS-Primary,regression,phaseA,2.3323126792907716,0.09202055361035939,1.042479944229126,0.059283924581778114,0.06026889128682508,0.5881810951598992,scale,"{'model__C': np.float64(0.06026889128682508), 'model__epsilon': np.float64(0.5881810951598992), 'model__gamma': 'scale'}",-3.451794814492328,-3.4294241332551274,-3.382198306212063,-3.469249500049133,-3.469560390834746,3.4404454289686797,0.032620117521752146,20.0,-2.734344543980799,-2.7017047992448084,-2.7010505378917693,-2.7456591806057493,-2.7209453493886375,2.7207408822223527,0.01764145758926502,20.0,0.12631721361587367,0.13750353100873136,0.14557067247822375,0.12324184495868673,0.13849520891819966,0.13422569419594305,0.008256761005531984,20.0,10000,40,5,rmse,FULL,,,,,,,,,,,,,,,,,
FS-Primary,regression,phaseA,1.3481656551361083,0.05471643232791392,0.5856388568878174,0.02865302220140706,214.23021757741054,2.12384679051407,0.00012087541473056955,"{'model__C': np.float64(214.23021757741054), 'model__epsilon': np.float64(2.12384679051407), 'model__gamma': 0.00012087541473056955}",-3.4294353346863753,-3.3816543398430703,-3.3408611314473378,-3.444615258603224,-3.413666874753032,3.4020465878666073,0.03703179743045272,4.0,-2.721379331109976,-2.6542567067956577,-2.6646121730816326,-2.7286794817618216,-2.679639756050071,2.6897134897598316,0.030032694548157365,3.0,0.13759935698132664,0.16136428556898896,0.16632868420987812,0.1356489031508643,0.1660287667847078,0.15339399933915315,0.013819030715914846,4.0,10000,40,5,rmse,FULL,,,,,,,,,,,,,,,,,
FS-Primary,regression,phaseA,1.0823883533477783,0.013943833848755558,0.46338639259338377,0.052539113350966955,707.2114131472224,2.921927110761455,0.0005337032762603955,"{'model__C': np.float64(707.2114131472224), 'model__epsilon': np.float64(2.921927110761455), 'model__gamma': 0.0005337032762603955}",-3.429053052224521,-3.385906119998605,-3.346669850421039,-3.4435929028487187,-3.414389329971235,3.403922251092824,0.034401441477914706,7.0,-2.723452888312987,-2.6598229332057337,-2.6690433428051827,-2.729259667865149,-2.6815128224869333,2.6926183309351974,0.028453498892603492,8.0,0.13779161152695074,0.1592541134948905,0.1634271734589159,0.13616190278359708,0.16567573255642198,0.15246210676415523,0.012820951836284256,7.0,10000,40,5,rmse,FULL,,,,,,,,,,,,,,,,,
FS-Primary,regression,phaseA,1.817277431488037,0.01941965940640773,0.8291970252990722,0.04601917615896743,0.08260808399079603,1.0996357382104052,0.005342937261279772,"{'model__C': np.float64(0.08260808399079603), 'model__epsilon': np.float64(1.0996357382104052), 'model__gamma': 0.005342937261279772}",-3.4630179339530844,-3.4366096859081967,-3.396522018727065,-3.4771822503391934,-3.4817333975335463,3.4510130572922173,0.03146240112912715,21.0,-2.7494550914955536,-2.7061179445276946,-2.709147290599767,-2.753124364207979,-2.7300508289446497,2.729579103955129,0.019583368883903135,21.0,0.12062661642883132,0.13388542705477735,0.13831827958885234,0.11922768844284204,0.13243939809915228,0.12889948192289108,0.007590629716551549,21.0,10000,40,5,rmse,FULL,,,,,,,,,,,,,,,,,
FS-Primary,regression,phaseA,1.2881481647491455,0.02927348762829872,0.568801736831665,0.038949914244560374,0.2858549394196191,2.1608924867922092,scale,"{'model__C': np.float64(0.2858549394196191), 'model__epsilon': np.float64(2.1608924867922092), 'model__gamma': 'scale'}",-3.4395160369756375,-3.4178025869257036,-3.3698082342569444,-3.4660069469220995,-3.4488562786707067,3.4283980167502186,0.03317109654198646,17.0,-2.72469578425276,-2.6909732845853367,-2.686911287894648,-2.7462942958959773,-2.7049733329343826,2.7107695971126207,0.022138891113841427,17.0,0.13252191387154488,0.14333923899920198,0.1518193008174904,0.12488001270353855,0.1487463478811164,0.14026136285457844,0.010114734059248533,17.0,10000,40,5,rmse,FULL,,,,,,,,,,,,,,,,,
FS-Primary,regression,phaseA,1.651358461380005,0.02863032373596347,0.7118645191192627,0.015088557831139413,0.2888838362365318,1.3139483593632364,0.13826232179369854,"{'model__C': np.float64(0.2888838362365318), 'model__epsilon': np.float64(1.3139483593632364), 'model__gamma': 0.13826232179369854}",-3.4428493620150227,-3.4153815906777014,-3.3704749763517463,-3.4670044530346065,-3.4510677256550317,3.4293556215468213,0.03386188100606347,18.0,-2.7296083519641,-2.6871441928668807,-2.690988107337695,-2.7449412601135754,-2.7073247771562037,2.712001337887691,0.022254658649111386,18.0,0.13083970768290487,0.14455243835026876,0.15148362965591955,0.12437622655178471,0.1476543302897929,0.13978126650613415,0.010382304634151797,18.0,10000,40,5,rmse,FULL,,,,,,,,,,,,,,,,,
FS-Primary,regression,phaseA,1.6277904033660888,0.027043493959431914,0.7143468856811523,0.03598572246440533,0.09962513222055108,1.8241088125269602,0.0001533916259116362,"{'model__C': np.float64(0.09962513222055108), 'model__epsilon': np.float64(1.8241088125269602), 'model__gamma': 0.0001533916259116362}",-3.6735728218039823,-3.668267731971294,-3.6347469282183025,-3.680751258297822,-3.714939370350973,3.6744556221284745,0.02566873038535975,32.0,-2.906056875587233,-2.897380767501596,-2.897055430590819,-2.9093852665918396,-2.9146760371245137,2.9049108754792003,0.006857148307924393,32.0,0.010442255797900701,0.013182193517551899,0.013206301097010487,0.013080605084158203,0.012329106937897905,0.01244809248690384,0.0010536977924573226,32.0,10000,40,5,rmse,FULL,,,,,,,,,,,,,,,,,
FS-Primary,regression,phaseA,3.339207315444946,0.04758332053903249,0.8970715522766113,0.034308564384468054,10.90747583515769,0.6383082267211558,scale,"{'model__C': np.float64(10.90747583515769), 'model__epsilon': np.float64(0.6383082267211558), 'model__gamma': 'scale'}",-3.558410595212816,-3.535733803193465,-3.4816791852384306,-3.592179454991594,-3.5623955630953312,3.546079720346328,0.03687250915754056,27.0,-2.8332246922752566,-2.7879778250558838,-2.7692033342246085,-2.853346005052401,-2.791416891994727,2.807033749720575,0.031205593448854967,27.0,0.07151273248886825,0.08320117599192778,0.09456867929458057,0.06000662088345832,0.09177578445526535,0.08021299862282005,0.012905077449540286,27.0,10000,40,5,rmse,FULL,,,,,,,,,,,,,,,,,
FS-Primary,regression,phaseA,1.0907768249511718,0.013599630176421688,0.35221295356750487,0.02736951750035896,555.1721685244722,3.3814305141072296,0.0016536937182824417,"{'model__C': np.float64(555.1721685244722), 'model__epsilon': np.float64(3.3814305141072296), 'model__gamma': 0.0016536937182824417}",-3.43698538870568,-3.3967554067790684,-3.3556690516567085,-3.4511386990743804,-3.420584538754886,3.4122266169941446,0.03357117307172641,13.0,-2.7276107175184534,-2.6696462557661924,-2.6738030471688865,-2.7327720837023,-2.6854605773086666,2.6978585362929004,0.026953503656758616,13.0,0.13379795055646848,0.15385756280693208,0.15892203276139238,0.1323719728338023,0.16264532109255714,0.14831896801023048,0.012755485174060268,13.0,10000,40,5,rmse,FULL,,,,,,,,,,,,,,,,,
FS-Primary,regression,phaseA,1.2132206439971924,0.027514619566402405,0.5169126033782959,0.021440545067018958,0.030786517836196188,2.4106039414669413,0.00030771802712506853,"{'model__C': np.float64(0.030786517836196188), 'model__epsilon': np.float64(2.4106039414669413), 'model__gamma': 0.00030771802712506853}",-3.7116146486295505,-3.698740957601761,-3.66881499299017,-3.706783334399048,-3.7466822769679617,3.7065272421176987,0.024984851702258185,34.0,-2.942138503397277,-2.927200400104679,-2.935784918465285,-2.9427008484143724,-2.9510108734188245,2.939767108760088,0.007930102024052544,34.0,-0.010158669326490122,-0.0032813962411935016,-0.0053785973025270994,-0.000928715642542155,-0.0046216349115788535,-0.004873802684866346,0.0030445916529156037,34.0,10000,40,5,rmse,FULL,,,,,,,,,,,,,,,,,
FS-Primary,regression,phaseA,2.3653510570526124,0.050517456118126115,1.0520267963409424,0.07644721216384605,2.991469302130215,0.16864039784750345,0.0010842262717330158,"{'model__C': np.float64(2.991469302130215), 'model__epsilon': np.float64(0.16864039784750345), 'model__gamma': 0.0010842262717330158}",-3.429632103089127,-3.384681870611477,-3.3405716045021596,-3.4448573394223034,-3.423849449648866,3.404718473454787,0.03772028102435027,9.0,-2.7210143420668857,-2.656754539866959,-2.662224010487043,-2.725474200689689,-2.6873270424915896,2.690558827120433,0.028644922078388566,6.0,0.13750039137988868,0.15986198419173803,0.16647317381359727,0.13552740907482042,0.16104606627763274,0.15208180494753543,0.01292026557348238,9.0,10000,40,5,rmse,FULL,,,,,,,,,,,,,,,,,
FS-Primary,regression,phaseA,2.062846279144287,0.060877480050321404,0.7873562812805176,0.030697811482249825,20.54051942538844,1.1254032125084679,0.015375920235481748,"{'model__C': np.float64(20.54051942538844), 'model__epsilon': np.float64(1.1254032125084679), 'model__gamma': 0.015375920235481748}",-3.4423876880353963,-3.408033477592138,-3.3542280344698954,-3.4752962655295603,-3.428509420685114,3.4216909772624207,0.04021479301252991,16.0,-2.7303387078134174,-2.673398445148704,-2.6738344459086267,-2.7544264195286026,-2.690392930190306,2.704478189717931,0.032456050747082195,16.0,0.13107279472479194,0.14822942918996385,0.15964424198568405,0.1201828714579668,0.15876082472786057,0.14357803241725345,0.015581978630692784,16.0,10000,40,5,rmse,FULL,,,,,,,,,,,,,,,,,
FS-Primary,regression,phaseA,0.8395508766174317,0.04733755743882105,0.3863840103149414,0.04293457590222931,0.08399864445957499,3.395066965787727,0.5727904470799619,"{'model__C': np.float64(0.08399864445957499), 'model__epsilon': np.float64(3.395066965787727), 'model__gamma': 0.5727904470799619}",-3.6107308513717413,-3.611397133266794,-3.571729148948145,-3.6266757607440216,-3.650455979967191,3.6141977748595786,0.025666339466176715,30.0,-2.8638952272401963,-2.8572638819553204,-2.8534880495928547,-2.8770672778247044,-2.868135692836727,2.8639700258899605,0.008291448338580426,31.0,0.04400841668795341,0.04354305656362134,0.04712694246407667,0.041866103667449805,0.04631922879411321,0.04457274963544289,0.0019120022150273103,30.0,10000,40,5,rmse,FULL,,,,,,,,,,,,,,,,,
FS-Primary,regression,phaseA,1.3632922172546387,0.02948789617353499,0.568675422668457,0.017041343573479438,297.94544625913585,2.1127549268982437,0.00022592797420156947,"{'model__C': np.float64(297.94544625913585), 'model__epsilon': np.float64(2.1127549268982437), 'model__gamma': 0.00022592797420156947}",-3.428982446911897,-3.3819747376164817,-3.3412208830595853,-3.4456601968780074,-3.4132184916205968,3.4022113512173133,0.037027040470232434,5.0,-2.7207565907208635,-2.6540192585225215,-2.6645423430601616,-2.729550717609476,-2.6791546264204915,2.6896047072667026,0.030231685486207933,2.0,0.1378271174611866,0.16120536350447923,0.16614913125278952,0.13512441465512315,0.1662478356565802,0.15331077250603173,0.013892464221537962,5.0,10000,40,5,rmse,FULL,,,,,,,,,,,,,,,,,
FS-Primary,regression,phaseA,2.3803160190582275,0.05945098702148394,1.051636552810669,0.0665865050610456,0.09548041810464164,0.20603414674135634,0.0035868164986275477,"{'model__C': np.float64(0.09548041810464164), 'model__epsilon': np.float64(0.20603414674135634), 'model__gamma': 0.0035868164986275477}",-3.4734440345158375,-3.449972215274317,-3.4111005719566814,-3.48624931683601,-3.496216060352404,3.4633964397870494,0.030382242310936454,23.0,-2.7568615518949646,-2.718580538975347,-2.7214253233370007,-2.7604724111726564,-2.742148514438491,2.7398976679636915,0.017388543529086215,23.0,0.11532359045634188,0.12713692606592963,0.13090538355831616,0.11462831304224441,0.125206954862085,0.12264023359698342,0.006524494507918096,23.0,10000,40,5,rmse,FULL,,,,,,,,,,,,,,,,,
FS-Primary,regression,phaseA,1.0261824131011963,0.04287039146088987,0.4503509044647217,0.04097325060748163,0.22737628102536853,2.909144406574156,0.0013296521457299509,"{'model__C': np.float64(0.22737628102536853), 'model__epsilon': np.float64(2.909144406574156), 'model__gamma': 0.0013296521457299509}",-3.503327711055129,-3.4847996819341964,-3.44870093989136,-3.5182429390023984,-3.53108345770787,3.497230945918191,0.028755398665920587,25.0,-2.78242938495772,-2.751712080594486,-2.752999799360683,-2.7868941053195373,-2.77395730105407,2.769598534257299,0.014684751144327586,25.0,0.1000355305143823,0.10942486943676355,0.11163982274998441,0.09830347743991985,0.10767150991513752,0.10541504201123753,0.005280752848337517,25.0,10000,40,5,rmse,FULL,,,,,,,,,,,,,,,,,
FS-Primary,regression,phaseA,2.230078649520874,0.053079317880667144,1.0143321990966796,0.0825712669108201,5.1698794422985355,0.5361885761629311,0.0001987021538542862,"{'model__C': np.float64(5.1698794422985355), 'model__epsilon': np.float64(0.5361885761629311), 'model__gamma': 0.0001987021538542862}",-3.4336022553023082,-3.3954445143888825,-3.355848762243108,-3.448410280506629,-3.438949215050314,3.414451005498248,0.03439661209547907,15.0,-2.727395283546154,-2.668227256358263,-2.6741875707355254,-2.730128928964849,-2.6978640664861624,2.6995606212181906,0.025836561720190908,15.0,0.13550237142280908,0.15451053160501427,0.15883194362580833,0.13374329799248263,0.15362988643941744,0.14724360621710636,0.010468975692243093,15.0,10000,40,5,rmse,FULL,,,,,,,,,,,,,,,,,
FS-Primary,regression,phaseA,86.67671189308166,2.376498085524956,0.5943974018096924,0.035689475553977786,859.8737339212263,2.714244454073468,scale,"{'model__C': np.float64(859.8737339212263), 'model__epsilon': np.float64(2.714244454073468), 'model__gamma': 'scale'}",-4.4539106175008465,-4.36330403882456,-4.258117421373037,-4.450266401046329,-4.318226632322874,4.368765022213529,0.07578798046201048,39.0,-3.5411337116501906,-3.43498802429801,-3.352348507099174,-3.501480591574832,-3.355273695767006,3.4370449060778427,0.07596140942512074,39.0,-0.4546108733864962,-0.3961943572845952,-0.3542950089290846,-0.4427157207980401,-0.3345033175812282,-0.39646385559588887,0.04719682879650628,39.0,10000,40,5,rmse,FULL,,,,,,,,,,,,,,,,,
FS-Primary,regression,phaseA,0.974381685256958,0.04282307471010871,0.4493360996246338,0.01557819972403381,0.010656401760606449,2.8633419281691777,0.08241925264876443,"{'model__C': np.float64(0.010656401760606449), 'model__epsilon': np.float64(2.8633419281691777), 'model__gamma': 0.08241925264876443}",-3.529285997559886,-3.5162046963614197,-3.4764172540818343,-3.54339395785086,-3.561470336645604,3.525354448499921,0.028718653568350478,26.0,-2.801621907607725,-2.7798790397753215,-2.775724947860147,-2.8080681416323094,-2.7972830763467402,2.7925154226444486,0.012562992267960312,26.0,0.08664935177680977,0.09330081436344673,0.09730340401759707,0.08536540105625734,0.09224749172552305,0.09097329258792679,0.0044103551634494505,26.0,10000,40,5,rmse,FULL,,,,,,,,,,,,,,,,,
FS-Primary,regression,phaseA,2.312583637237549,0.0952766882591678,1.0097615718841553,0.05059994391647638,71.8375865581399,0.30545404848261176,0.00029072088906598436,"{'model__C': np.float64(71.8375865581399), 'model__epsilon': np.float64(0.30545404848261176), 'model__gamma': 0.00029072088906598436}",-3.4310436120952073,-3.3821477951925267,-3.3392865065838193,-3.4475175372660183,-3.4211714853969615,3.404233387306907,0.03894887842413972,8.0,-2.7207896863916483,-2.652963370938074,-2.6619328271842777,-2.7279050455726446,-2.685079095660918,2.689734005149512,0.03022626964516326,4.0,0.13679029977103452,0.1611195181083378,0.16711435603083002,0.13419176244339925,0.16235792887710498,0.15231477304614133,0.0139058905141137,8.0,10000,40,5,rmse,FULL,,,,,,,,,,,,,,,,,
FS-Primary,regression,phaseA,1.3580808639526367,0.039081734122115595,0.6061612606048584,0.04008756144904576,206.78409397839485,2.200378537555075,0.00017956984225677626,"{'model__C': np.float64(206.78409397839485), 'model__epsilon': np.float64(2.200378537555075), 'model__gamma': 0.00017956984225677626}",-3.4288764041755364,-3.3814162535172967,-3.3417729167207804,-3.443751208273005,-3.4131870798619097,3.4018007725097057,0.036445710230756045,2.0,-2.7206906826568673,-2.654046933188514,-2.6649973065989006,-2.728229255209386,-2.679632768981023,2.689519389326938,0.029757272026094635,1.0,0.13788044276067912,0.16148237017907385,0.16587357223385624,0.13608247794818462,0.1662631815838007,0.1535164089411189,0.013616619434752873,2.0,10000,40,5,rmse,FULL,,,,,,,,,,,,,,,,,
FS-Primary,regression,phaseA,1.8309406757354736,0.0710493902679428,0.7684813022613526,0.03810656234490775,0.3588488911386258,1.1718824609922773,0.03550012525851159,"{'model__C': np.float64(0.3588488911386258), 'model__epsilon': np.float64(1.1718824609922773), 'model__gamma': 0.03550012525851159}",-3.4300874661379672,-3.3935942496962768,-3.3465401280058176,-3.4546714332708115,-3.4277324564325973,3.410525146708694,0.03743903940718666,12.0,-2.720410747276463,-2.66522629971278,-2.6696175505851554,-2.736965150043596,-2.69036862584971,2.696517674693541,0.028097881794053595,12.0,0.13727134259975393,0.1554317382803313,0.16349202607310687,0.1305947808675998,0.15914206253495622,0.14918639007114962,0.012887104398616104,12.0,10000,40,5,rmse,FULL,,,,,,,,,,,,,,,,,
FS-Primary,regression,phaseA,44.39201683998108,1.5645540071299422,0.777927827835083,0.04962017003527342,272.9378165037474,1.6791414918087253,scale,"{'model__C': np.float64(272.9378165037474), 'model__epsilon': np.float64(1.6791414918087253), 'model__gamma': 'scale'}",-4.0796860959274515,-4.002644737231301,-3.9773293272964954,-4.126615295764188,-4.011026578811776,4.039460407006243,0.05520548501057617,38.0,-3.255709062038212,-3.1750502107576697,-3.1435250620401636,-3.2462760351072926,-3.129374000081846,3.189986874005037,0.05204536487088324,38.0,-0.22044252552393395,-0.174921947897682,-0.18157451805422165,-0.24049983990959434,-0.15138316285852293,-0.193764398848791,0.03223576960376888,38.0,10000,40,5,rmse,FULL,,,,,,,,,,,,,,,,,
FS-Primary,regression,phaseA,3.9317981719970705,0.19168492574072907,0.5541626930236816,0.030872251869109236,36.831884165358986,2.6747084177282963,0.12130221181165154,"{'model__C': np.float64(36.831884165358986), 'model__epsilon': np.float64(2.6747084177282963), 'model__gamma': 0.12130221181165154}",-3.634214101883424,-3.6056419225544625,-3.5787618465451145,-3.6553281340148094,-3.6080950251760306,3.616408206034768,0.026207178175978393,31.0,-2.891177095644969,-2.84999663647524,-2.838884823927366,-2.8982493840170047,-2.8182245300547293,2.859306494023862,0.03073671989453722,30.0,0.031532940364603634,0.04658909381861709,0.043370853944580956,0.02666692036773355,0.06832438561238074,0.043296838821583195,0.014506315964139916,31.0,10000,40,5,rmse,FULL,,,,,,,,,,,,,,,,,
FS-Primary,regression,phaseA,1.4853103637695313,0.02982449775472355,0.6935689449310303,0.03680221970564189,2.944272359149677,1.8534282613678796,0.0001263794633808287,"{'model__C': np.float64(2.944272359149677), 'model__epsilon': np.float64(1.8534282613678796), 'model__gamma': 0.0001263794633808287}",-3.471635552537975,-3.448330638886109,-3.4096203186711036,-3.4875180531229906,-3.4917988752073525,3.4617806876851063,0.030206720548396487,22.0,-2.75701753250615,-2.7179202068683894,-2.720720964492005,-2.762363032059233,-2.740256474527804,2.739655642090716,0.01815694334225009,22.0,0.116244581161707,0.12796738522691986,0.13165951026852774,0.11398377647348945,0.12741601847518425,0.12345425432116566,0.007000849786644555,22.0,10000,40,5,rmse,FULL,,,,,,,,,,,,,,,,,
FS-Primary,regression,phaseA,2.4526036262512205,0.01700310943270289,1.1170823574066162,0.0872751346857838,0.034630370261191847,0.15843069061923318,0.0018089390092767132,"{'model__C': np.float64(0.034630370261191847), 'model__epsilon': np.float64(0.15843069061923318), 'model__gamma': 0.0018089390092767132}",-3.6072920221948803,-3.599905242835021,-3.565859685565712,-3.619020918566696,-3.646925790532369,3.607800731938936,0.026375411665321896,29.0,-2.861097920347298,-2.8475325874709307,-2.8462313170253064,-2.8659829747938983,-2.864611727844341,2.857091305496355,0.00849682220166615,29.0,0.045828505969195854,0.04962048857754209,0.05025610365529731,0.045906510864495376,0.04816285924623287,0.0479548936625527,0.0018346890878499387,29.0,10000,40,5,rmse,FULL,,,,,,,,,,,,,,,,,
FS-Primary,regression,phaseA,0.8938730716705322,0.05012072222377012,0.4011803150177002,0.04357045197034572,3.490225247838247,3.181104335045021,0.0043805807679056525,"{'model__C': np.float64(3.490225247838247), 'model__epsilon': np.float64(3.181104335045021), 'model__gamma': 0.0043805807679056525}",-3.4237835556178813,-3.3840500298131304,-3.3437511176022903,-3.4400780728207723,-3.4184030930512987,3.402013173781075,0.03437632106348821,3.0,-2.719159687572471,-2.659594177591981,-2.666392290801476,-2.726026369563151,-2.68465688970644,2.6911658830471037,0.027025088582080293,7.0,0.14043952226886147,0.16017562307883837,0.16488573849130583,0.13792441922603094,0.16371301071316358,0.15342766275564004,0.011761404711493511,3.0,10000,40,5,rmse,FULL,,,,,,,,,,,,,,,,,
FS-Primary,regression,phaseA,11.102520751953126,0.34876187595977154,0.9156293869018555,0.03126624654554529,59.94537656798816,0.8393536709460976,scale,"{'model__C': np.float64(59.94537656798816), 'model__epsilon': np.float64(0.8393536709460976), 'model__gamma': 'scale'}",-3.7802824759672817,-3.717747710685873,-3.6963348068997477,-3.8162013079324733,-3.7350118844306808,3.7491156371832113,0.0434523595666089,35.0,-3.0224261674446833,-2.959796905828991,-2.917245197625042,-3.032138052222297,-2.9220761667525377,2.97073649797471,0.04856087832401519,35.0,-0.04788190586995156,-0.01361903130365838,-0.02051787267409333,-0.06089230036367854,0.0016271303379261637,-0.028256795974691128,0.022879795564644697,35.0,10000,40,5,rmse,FULL,,,,,,,,,,,,,,,,,
FS-Primary,regression,phaseA,2.209609842300415,0.12572260101504076,0.9908848285675049,0.09185168001037285,0.2810329644763607,0.6062134410263154,0.1707975034295822,"{'model__C': np.float64(0.2810329644763607), 'model__epsilon': np.float64(0.6062134410263154), 'model__gamma': 0.1707975034295822}",-3.4448466915190377,-3.4271553590460067,-3.3806815040094924,-3.4724192848557007,-3.4627308888426773,3.437566745654583,0.032389068807483004,19.0,-2.729971335216407,-2.696498653925928,-2.7010315439053847,-2.748108324330189,-2.7145115534828794,2.718024282172158,0.019037997568288143,19.0,0.1298309484413278,0.1386443420566037,0.14633686627429598,0.12163895978187744,0.14188345256945822,0.13566691382471263,0.008856639370566207,19.0,10000,40,5,rmse,FULL,,,,,,,,,,,,,,,,,
FS-Primary,regression,phaseA,0.8429800033569336,0.02565080844276525,0.39304184913635254,0.02078681983081768,14.689898077648792,3.056539036147626,0.0005575453980775369,"{'model__C': np.float64(14.689898077648792), 'model__epsilon': np.float64(3.056539036147626), 'model__gamma': 0.0005575453980775369}",-3.42366670051849,-3.3815175261599144,-3.342926038863109,-3.4398040058481016,-3.417255195966145,3.401033893471152,0.034744517793096556,1.0,-2.719073188937027,-2.656587639211,-2.666235911110015,-2.7253791476902958,-2.6846222468764345,2.6903796267649547,0.02759076594362657,5.0,0.1404981955519875,0.16143214260486405,0.1652978206033957,0.1380617748488394,0.16427456544641494,0.15391289981110032,0.012039368765056895,1.0,10000,40,5,rmse,FULL,,,,,,,,,,,,,,,,,
FS-Primary,regression,phaseA,13.546929311752319,0.43211674096390446,0.6842526912689209,0.01758767033473745,290.2652141826387,1.9107307346089952,0.3840300419098852,"{'model__C': np.float64(290.2652141826387), 'model__epsilon': np.float64(1.9107307346089952), 'model__gamma': 0.3840300419098852}",-4.485312607625898,-4.366359713771952,-4.286670114484562,-4.456189175331021,-4.3857373788233,4.396053798007347,0.07005191798195642,40.0,-3.5687796741754023,-3.4705808936660114,-3.4242819728538785,-3.5460793538755215,-3.4727948040833434,3.496503339730831,0.05316322677438819,40.0,-0.47519444763132035,-0.3981505858480112,-0.37251828092307737,-0.4465584416192041,-0.3765564926874938,-0.4137956497418214,0.04044392892099663,40.0,10000,40,5,rmse,FULL,,,,,,,,,,,,,,,,,
FS-Primary,regression,phaseA,2.180579090118408,0.051213311936051435,0.9486553192138671,0.03408492234659334,0.38906070987056324,0.4296791396204848,0.005110120656497161,"{'model__C': np.float64(0.38906070987056324), 'model__epsilon': np.float64(0.4296791396204848), 'model__gamma': 0.005110120656497161}",-3.4301268654663484,-3.387829781307536,-3.346048119760682,-3.4441600868553235,-3.429115779591218,3.4074561265962218,0.036017830030103885,11.0,-2.7230271928995706,-2.661087490296207,-2.6673224973686516,-2.726560372848976,-2.691360440833234,2.693871598849328,0.02721971009271945,10.0,0.13725152320725809,0.15829852305454295,0.16373797475451113,0.1358773189106519,0.1584632388615459,0.150725715757702,0.011735112373996007,11.0,10000,40,5,rmse,FULL,,,,,,,,,,,,,,,,,
FS-Primary,regression,phaseA,10.387074184417724,0.8024992894696953,0.5147742748260498,0.09851723353263882,123.04779330083686,3.0195205122343847,scale,"{'model__C': np.float64(123.04779330083686), 'model__epsilon': np.float64(3.0195205122343847), 'model__gamma': 'scale'}",-3.849475616563432,-3.800055958277608,-3.7326694152121878,-3.8742121080846,-3.8012090413245567,3.811524427892477,0.048633494609311545,36.0,-3.0625900330712756,-3.011491533079858,-2.956543266374645,-3.058553236425661,-2.962282178325312,3.0102920494553502,0.045297989861847,36.0,-0.08659319614414529,-0.05899743991177053,-0.04067966324886019,-0.09339109758686415,-0.03407562660739494,-0.06274740469980702,0.023794016016641762,36.0,10000,40,5,rmse,FULL,,,,,,,,,,,,,,,,,
FS-Primary,regression,phaseA,1.8474514961242676,0.18981307053944121,0.9057886123657226,0.03827494200275717,3.57879245350232,1.4900679608632876,0.0003016209262796776,"{'model__C': np.float64(3.57879245350232), 'model__epsilon': np.float64(1.4900679608632876), 'model__gamma': 0.0003016209262796776}",-3.43055486979473,-3.3955504059219566,-3.354975370756917,-3.4479960703549493,-3.437219237849584,3.4132591909356274,0.03403080930096534,14.0,-2.7259775597529385,-2.6695724572616557,-2.673841865166443,-2.7313497900191663,-2.696923167463222,2.699532967932685,0.025597275728981444,14.0,0.13703620573672692,0.1544577953157381,0.15926973058740534,0.13395138852762756,0.15448121201720677,0.14783926643694095,0.010277695749750916,14.0,10000,40,5,rmse,FULL,,,,,,,,,,,,,,,,,
FS-Primary,regression,phaseA,1.1032282352447509,0.1456724741966017,0.6187252044677735,0.11843610919511463,0.4876136527961179,3.303038478498191,0.011889469769530467,"{'model__C': np.float64(0.4876136527961179), 'model__epsilon': np.float64(3.303038478498191), 'model__gamma': 0.011889469769530467}",-3.423496745014808,-3.386183823949777,-3.34652958558371,-3.4392981400969287,-3.421099914722815,3.4033216418736076,0.03327597528998022,6.0,-2.719819036464834,-2.66347356493353,-2.66963410863884,-2.7253672577285917,-2.687373222627905,2.69313343807874,0.025362361607697382,9.0,0.1405835271272461,0.15911619589114623,0.16349729647533096,0.13831527357466888,0.16239297534051578,0.15278105368178158,0.011003630060600473,6.0,10000,40,5,rmse,FULL,,,,,,,,,,,,,,,,,
FS-Primary,regression,phaseA,5.520424652099609,0.6462480164800435,0.9334595203399658,0.12076983353454167,32.741215209888836,1.3045221282085644,0.7076022085821999,"{'model__C': np.float64(32.741215209888836), 'model__epsilon': np.float64(1.3045221282085644), 'model__gamma': 0.7076022085821999}",-3.9661471586126678,-3.8821300906274145,-3.8490543686752914,-3.9747212640181235,-3.87775342716194,3.9099612618190873,0.05073909975344492,37.0,-3.1354096852347446,-3.0794766026948674,-3.070594954521771,-3.14235106381875,-3.063461924472844,3.098258846148595,0.033624984256000585,37.0,-0.15345719755487774,-0.10523618590752548,-0.10658837253668696,-0.15085895607403432,-0.0761409936199624,-0.11845634113861739,0.02960134869636751,37.0,10000,40,5,rmse,FULL,,,,,,,,,,,,,,,,,
FS-Primary,regression,phaseA,1.5130409240722655,0.010262846442661686,0.6793008804321289,0.030381032507409228,0.18151456496577564,1.76550734532873,0.0013783578294796377,"{'model__C': np.float64(0.18151456496577564), 'model__epsilon': np.float64(1.76550734532873), 'model__gamma': 0.0013783578294796377}",-3.502204624064451,-3.4830352766413304,-3.4458963713545794,-3.5159646887088516,-3.5295446742377425,3.4953291270013906,0.02911542074929543,24.0,-2.7806706328398536,-2.7490973592309853,-2.7501820463409428,-2.784015702360255,-2.7711822648053257,2.7670296011154725,0.0148138813186088,24.0,0.10061245420594611,0.1103264636874075,0.11308410799517632,0.099470892693174,0.10844906227861895,0.10638859617206457,0.005400011799111022,24.0,10000,40,5,rmse,FULL,,,,,,,,,,,,,,,,,
FS-Primary,regression,phaseA,1.2956581592559815,0.020494807888214277,0.5501570701599121,0.015942684979884245,0.015290959455830377,2.152996952230644,0.0001606626792172771,"{'model__C': np.float64(0.015290959455830377), 'model__epsilon': np.float64(2.152996952230644), 'model__gamma': 0.0001606626792172771}",-3.698412142018321,-3.6930570669688625,-3.660532806165323,-3.7038029229868634,-3.7391189310716166,3.6989847738421973,0.025091769853485005,33.0,-2.928668449419892,-2.919881774103154,-2.9211420142478093,-2.9320507941252894,-2.9374963882482805,2.9278478840288855,0.0066311237566590575,33.0,-0.0029850222465674925,-0.00020026121695471133,-0.0008445257981550824,0.0006802157658216679,-0.0005697131864963456,-0.0007838613364703928,0.0012148053193942582,33.0,10000,40,5,rmse,FULL,,,,,,,,,,,,,,,,,
FS-Primary,regression,phaseA,0.8746982097625733,0.02535775470064572,0.3950636386871338,0.033320701946835216,0.2473046721099913,3.1835173065849554,0.00037982145084532567,"{'model__C': np.float64(0.2473046721099913), 'model__epsilon': np.float64(3.1835173065849554), 'model__gamma': 0.00037982145084532567}",-3.600678469448418,-3.5934993300715923,-3.557602751240905,-3.6139589210545706,-3.6394371869551394,3.601035331754125,0.02677696534481815,28.0,-2.858628919674761,-2.8449553231392763,-2.8407272028184596,-2.864198649705021,-2.861712773412654,2.854044573750034,0.009411584535213142,28.0,0.04932402488678278,0.0529998172494871,0.05464937451798846,0.0485736638510641,0.052067853849018464,0.05152294687086818,0.002270953446715968,28.0,10000,40,5,rmse,FULL,,,,,,,,,,,,,,,,,
FS-Primary,classification,phaseA,2.1399529933929444,0.09906710062449132,0.45806884765625,0.05623678278066364,0.7459343285726545,,scale,"{'model__C': np.float64(0.7459343285726545), 'model__class_weight': None, 'model__gamma': 'scale'}",,,,,,,,,,,,,,,,,,,,,,,,,10000,40,5,pr_auc,FULL,,0.1861791662013978,0.18136556156141886,0.2071670451091001,0.1588757609543723,0.16585050001698298,0.1798876067686544,0.016878826126934067,18.0,0.5837177048949385,0.5821766317236305,0.5884441153410576,0.5684364760493057,0.5441219690511063,0.5733793794120077,0.016072630433855966,23.0
FS-Primary,classification,phaseA,5.811525344848633,0.1828145593944978,0.47119340896606443,0.045045329837409546,79.15074397656205,,scale,"{'model__C': np.float64(79.15074397656205), 'model__class_weight': None, 'model__gamma': 'scale'}",,,,,,,,,,,,,,,,,,,,,,,,,10000,40,5,pr_auc,FULL,,0.17645593902731388,0.1558983625048394,0.1650880986741566,0.14468400504818724,0.16152657478217716,0.16073059600733486,0.010466626838004676,27.0,0.5977736810529717,0.5677493200143255,0.5966983186688737,0.5631192463722889,0.5806888812783725,0.5812058894773664,0.014303707896545434,18.0
FS-Primary,classification,phaseA,0.5836350440979003,0.02436869296769341,0.3159493923187256,0.023804134744912265,0.060252157362038566,,0.0021618942406574425,"{'model__C': np.float64(0.060252157362038566), 'model__class_weight': None, 'model__gamma': 0.0021618942406574425}",,,,,,,,,,,,,,,,,,,,,,,,,10000,40,5,pr_auc,FULL,,0.1245185246418672,0.15432506826453685,0.09953579113748451,0.11735738268631674,0.12056383133296383,0.1232601196126338,0.01772890664010697,40.0,0.5141130550313205,0.5614527978627638,0.42910483878773803,0.4989565454829146,0.49527945573472654,0.4997813385798927,0.042485013456977555,39.0
FS-Primary,classification,phaseA,1.4143019199371338,0.1036386951614861,0.5184933185577393,0.06973073136819323,0.0518005164424302,,scale,"{'model__C': np.float64(0.0518005164424302), 'model__class_weight': None, 'model__gamma': 'scale'}",,,,,,,,,,,,,,,,,,,,,,,,,10000,40,5,pr_auc,FULL,,0.19224378771935768,0.1764699662305864,0.20632794558465406,0.1588055934484978,0.16595495715654876,0.17996045002792893,0.017331996257682992,17.0,0.5873780394500026,0.5775570849183533,0.5955875947382177,0.5708208183804026,0.5411222920932401,0.5744931659160433,0.018694832703678287,21.0
FS-Primary,classification,phaseA,3.07586612701416,0.04532812226793922,1.1864641189575196,0.03758051481220967,707.2114131472224,,0.00010071984838809192,"{'model__C': np.float64(707.2114131472224), 'model__class_weight': 'balanced', 'model__gamma': 0.00010071984838809192}",,,,,,,,,,,,,,,,,,,,,,,,,10000,40,5,pr_auc,FULL,balanced,0.26175506956681766,0.2859575183336627,0.2794912530182108,0.2170076949254777,0.21425415343489446,0.25169313785581265,0.030505025656809494,3.0,0.703483754381107,0.7174139249450688,0.7123079826930336,0.69582569433609,0.6829207866683183,0.7023904286047236,0.012226376207084656,5.0
FS-Primary,classification,phaseA,103.69978175163268,20.842845798343394,0.47065210342407227,0.057917111219749205,914.2349009056912,,0.012561043700013555,"{'model__C': np.float64(914.2349009056912), 'model__class_weight': None, 'model__gamma': 0.012561043700013555}",,,,,,,,,,,,,,,,,,,,,,,,,10000,40,5,pr_auc,FULL,,0.17340281083744843,0.17981775977929826,0.2114626342693408,0.16833765706674214,0.15733656891597697,0.17807148617376128,0.018245541892824284,22.0,0.5790323795089274,0.5708153052433914,0.593136258481672,0.582301256046185,0.542176429582887,0.5734923257726126,0.01721641852025855,22.0
FS-Primary,classification,phaseA,0.7750540733337402,0.041779502554937634,0.3500941276550293,0.013508505006294405,1.4445251022763053,,0.003975977214318095,"{'model__C': np.float64(1.4445251022763053), 'model__class_weight': None, 'model__gamma': 0.003975977214318095}",,,,,,,,,,,,,,,,,,,,,,,,,10000,40,5,pr_auc,FULL,,0.13324910920998434,0.12892221698836898,0.1229433312255133,0.12929086015976404,0.11325089295919608,0.12553128210856535,0.0069671108658117065,39.0,0.5167459698672127,0.5071289601300926,0.48812807929455726,0.5102760766110157,0.45812232366878713,0.496080281914333,0.021235388654922856,40.0
FS-Primary,classification,phaseA,2.981386089324951,0.24966056970163045,1.1125094890594482,0.12286380843609933,0.017113085338473895,,0.006672367170464204,"{'model__C': np.float64(0.017113085338473895), 'model__class_weight': 'balanced', 'model__gamma': 0.006672367170464204}",,,,,,,,,,,,,,,,,,,,,,,,,10000,40,5,pr_auc,FULL,balanced,0.2649763881639054,0.28768754297725396,0.28209519266220745,0.2152240793862167,0.21406775105132714,0.2528101908481822,0.03204918032072605,1.0,0.7033258766464825,0.7166274646455846,0.713399347600933,0.6976712435637386,0.6839312041699155,0.7029910273253308,0.011713023826513843,1.0
FS-Primary,classification,phaseA,2.5422927856445314,0.037160379662709166,0.7388298511505127,0.04360230470857102,84.31013932082456,,0.8568869785189,"{'model__C': np.float64(84.31013932082456), 'model__class_weight': None, 'model__gamma': 0.8568869785189}",,,,,,,,,,,,,,,,,,,,,,,,,10000,40,5,pr_auc,FULL,,0.13634337722529785,0.13842081884782695,0.13370002959857016,0.12679060539526382,0.1440081044504537,0.1358525871034825,0.005658660066219256,34.0,0.5607914289392316,0.5302896109804377,0.5601533234602318,0.5280830667810892,0.5651488544148687,0.5488932569151719,0.01619728188102603,31.0
FS-Primary,classification,phaseA,0.6382651329040527,0.044015962400405305,0.3146668434143066,0.01894824639031683,2.156822801926395,,0.00048094619675015724,"{'model__C': np.float64(2.156822801926395), 'model__class_weight': None, 'model__gamma': 0.00048094619675015724}",,,,,,,,,,,,,,,,,,,,,,,,,10000,40,5,pr_auc,FULL,,0.12847508976589106,0.1396517354217394,0.16501025537979053,0.12700007077085157,0.13557166591440245,0.13914176345053497,0.013735961350742261,33.0,0.5411222920932401,0.5538664808200482,0.5865420913552284,0.5259912817912311,0.5277148290912801,0.5470473950302056,0.02217451611261927,33.0
FS-Primary,classification,phaseA,3.029090166091919,0.22821301570839717,1.1171692848205566,0.08770328893104425,0.021147447960615712,,0.017912362571043654,"{'model__C': np.float64(0.021147447960615712), 'model__class_weight': 'balanced', 'model__gamma': 0.017912362571043654}",,,,,,,,,,,,,,,,,,,,,,,,,10000,40,5,pr_auc,FULL,balanced,0.26232650853782197,0.28713615395861053,0.28012426819209446,0.21628636602784815,0.21030747762179222,0.25123615486763345,0.03207171130996518,5.0,0.7036100565688067,0.7164483936850868,0.7138542846357115,0.6972567873303166,0.6827580511572439,0.7027855146754332,0.012178160137138674,2.0
FS-Primary,classification,phaseA,2.9595455169677733,0.05798220649716807,1.1352008819580077,0.04798773326005508,0.8454394570684998,,scale,"{'model__C': np.float64(0.8454394570684998), 'model__class_weight': 'balanced', 'model__gamma': 'scale'}",,,,,,,,,,,,,,,,,,,,,,,,,10000,40,5,pr_auc,FULL,balanced,0.21366651002426917,0.20449519874491084,0.20925501143844955,0.19511406018925082,0.17794755395344786,0.2000956668700656,0.012671010760359617,12.0,0.6761198996383385,0.6748095556136325,0.6836880874253467,0.6707827859260416,0.6580829756795421,0.6726966608565803,0.00841685282907129,11.0
FS-Primary,classification,phaseA,11.971307373046875,0.584434674466186,0.47454352378845216,0.03808594864912359,26.373339933815235,,0.027541439213320282,"{'model__C': np.float64(26.373339933815235), 'model__class_weight': None, 'model__gamma': 0.027541439213320282}",,,,,,,,,,,,,,,,,,,,,,,,,10000,40,5,pr_auc,FULL,,0.1829099102424977,0.18168301172857473,0.2157715288592087,0.16478465467505168,0.16191793402254157,0.18141340790557486,0.019180102277391496,16.0,0.579479294942326,0.5718122949153526,0.5971919737491652,0.5791903963176782,0.5455331531098271,0.5746414226068698,0.016780469862220523,20.0
FS-Primary,classification,phaseA,6.002353096008301,0.43485516226135323,0.5424978733062744,0.03976537683019546,146.54619905022173,,0.0010842262717330158,"{'model__C': np.float64(146.54619905022173), 'model__class_weight': None, 'model__gamma': 0.0010842262717330158}",,,,,,,,,,,,,,,,,,,,,,,,,10000,40,5,pr_auc,FULL,,0.12264255608041108,0.15392848154782957,0.15698935779272682,0.14309841915914384,0.158332159368642,0.14699819478975065,0.013302002501020383,31.0,0.49952272346378895,0.5429576714967428,0.5465511900959239,0.5488083164300204,0.5622487618742273,0.5400177326721407,0.021272837606551742,35.0
FS-Primary,classification,phaseA,2.7650139331817627,0.06984835799523674,1.0849000453948974,0.09606547666355683,20.54051942538844,,0.0006788387912421218,"{'model__C': np.float64(20.54051942538844), 'model__class_weight': 'balanced', 'model__gamma': 0.0006788387912421218}",,,,,,,,,,,,,,,,,,,,,,,,,10000,40,5,pr_auc,FULL,balanced,0.2627386286985774,0.285893406661653,0.2796824980219759,0.21523128228394706,0.21428040246445562,0.2515652436261218,0.03099730128058857,4.0,0.7035954832394568,0.7171767769163012,0.7123854187840597,0.695974410984553,0.682991224426843,0.7024246628702429,0.012144765346944926,4.0
FS-Primary,classification,phaseA,2.767558717727661,0.062075075125592925,0.5117617130279541,0.053535986943092966,6.894481952587266,,0.12604664585649453,"{'model__C': np.float64(6.894481952587266), 'model__class_weight': None, 'model__gamma': 0.12604664585649453}",,,,,,,,,,,,,,,,,,,,,,,,,10000,40,5,pr_auc,FULL,,0.18829364430489862,0.1808079697982533,0.20306690351258286,0.1544732308060226,0.16776229840072115,0.1788808093644957,0.016713071149447412,21.0,0.5867635307290795,0.580170552990485,0.5926450232792249,0.5719422881884849,0.5506192450529619,0.5764281280480473,0.014628979353786131,19.0
FS-Primary,classification,phaseA,19.33331170082092,0.8034172326964776,0.6076014995574951,0.0447660088259627,498.3043837494905,,0.08111253665497056,"{'model__C': np.float64(498.3043837494905), 'model__class_weight': 'balanced', 'model__gamma': 0.08111253665497056}",,,,,,,,,,,,,,,,,,,,,,,,,10000,40,5,pr_auc,FULL,balanced,0.16332761069924057,0.17210400100244633,0.17001099452453797,0.15596887895064993,0.15733695370336181,0.16374968777604731,0.006493701640922676,26.0,0.6019683710175342,0.5821645323344077,0.6046500372661189,0.5858777695428304,0.5783620063588294,0.5906045433039441,0.010675845326275505,17.0
FS-Primary,classification,phaseA,2.9102396965026855,0.22829427916818743,1.0438401222229003,0.16621172691998481,0.42924361527658117,,scale,"{'model__C': np.float64(0.42924361527658117), 'model__class_weight': 'balanced', 'model__gamma': 'scale'}",,,,,,,,,,,,,,,,,,,,,,,,,10000,40,5,pr_auc,FULL,balanced,0.20973343716365866,0.213160352825702,0.2189915693224935,0.2040814693460042,0.1839500321330903,0.20598337215818976,0.012032211263779704,10.0,0.6855002659632606,0.6892223480558701,0.6935587691533331,0.6794156654704321,0.6688599527338353,0.6833114002753463,0.008587899525502233,9.0
FS-Primary,classification,phaseA,2.720587158203125,0.03013541888160427,0.9580945491790771,0.0298044380594408,0.016832027985721906,,0.09756194291174561,"{'model__C': np.float64(0.016832027985721906), 'model__class_weight': 'balanced', 'model__gamma': 0.09756194291174561}",,,,,,,,,,,,,,,,,,,,,,,,,10000,40,5,pr_auc,FULL,balanced,0.23510984701968163,0.2611552199657077,0.27045137375970374,0.2186137057349487,0.18916640440518656,0.23489931017704566,0.029360129195764858,7.0,0.7006759595930154,0.712445915730174,0.7123007230594999,0.6966936144484319,0.6758964419216392,0.699602530950552,0.013399920273991771,7.0
FS-Primary,classification,phaseA,2.474877882003784,0.10519115451646102,0.9163712501525879,0.06196307103325886,4.994139416350942,,0.0013296521457299509,"{'model__C': np.float64(4.994139416350942), 'model__class_weight': 'balanced', 'model__gamma': 0.0013296521457299509}",,,,,,,,,,,,,,,,,,,,,,,,,10000,40,5,pr_auc,FULL,balanced,0.2632460403386111,0.28679023352402694,0.2800450043857745,0.21574919784974317,0.21391746963327218,0.2519495891462856,0.03126577397842906,2.0,0.7036003410159067,0.7172009756947468,0.7125862686451587,0.6959232134498362,0.6831005243969678,0.7024822646405233,0.012154459709878633,3.0
FS-Primary,classification,phaseA,0.8355350017547607,0.016357363174744823,0.4451779842376709,0.05360751128398843,5.1698794422985355,,0.0004582133690843353,"{'model__C': np.float64(5.1698794422985355), 'model__class_weight': None, 'model__gamma': 0.0004582133690843353}",,,,,,,,,,,,,,,,,,,,,,,,,10000,40,5,pr_auc,FULL,,0.16418044283492556,0.14746030853917463,0.12966267389697325,0.1406695735036811,0.1294387236021671,0.14228234447538435,0.012908553260995362,32.0,0.5842350580868619,0.5483177009224575,0.5382945668902634,0.5366013613668279,0.5329077921163146,0.548071295876545,0.018788049852317926,32.0
FS-Primary,classification,phaseA,0.612240219116211,0.032999386248897894,0.30924110412597655,0.0334290926876984,0.011972422479639328,,0.0006235377135673155,"{'model__C': np.float64(0.011972422479639328), 'model__class_weight': None, 'model__gamma': 0.0006235377135673155}",,,,,,,,,,,,,,,,,,,,,,,,,10000,40,5,pr_auc,FULL,,0.2221493384915257,0.20191775077215118,0.2446215478636496,0.20571493131842322,0.1999323277314134,0.21486717923543258,0.016809838933208587,9.0,0.6660205823988187,0.6595062481245947,0.6916470656561257,0.6670209861132783,0.6432594708424113,0.6654908706270457,0.015600123263889397,12.0
FS-Primary,classification,phaseA,0.8438978672027588,0.01549952862407905,0.4496467113494873,0.031087978606521016,0.010656401760606449,,scale,"{'model__C': np.float64(0.010656401760606449), 'model__class_weight': None, 'model__gamma': 'scale'}",,,,,,,,,,,,,,,,,,,,,,,,,10000,40,5,pr_auc,FULL,,0.1913170064311341,0.16840439374126803,0.1960525519186196,0.14579829680643303,0.16660133963384402,0.17363471770625977,0.018258771315306434,23.0,0.6020509532171838,0.5700288449439073,0.5834131893022041,0.5342413988141675,0.5607525667276317,0.5700973906010189,0.02267740389756352,27.0
FS-Primary,classification,phaseA,0.9976297855377197,0.0508716051381333,0.4470345973968506,0.044574770305100805,36.03377510962436,,0.00019777828512462716,"{'model__C': np.float64(36.03377510962436), 'model__class_weight': None, 'model__gamma': 0.00019777828512462716}",,,,,,,,,,,,,,,,,,,,,,,,,10000,40,5,pr_auc,FULL,,0.11391468306955943,0.11970448129637137,0.15101590984129665,0.14860381811098541,0.12079304384152356,0.1308063872319473,0.01571001197172359,37.0,0.4781290759780526,0.5156348307537435,0.5650293773170332,0.5541523638633172,0.504875993111673,0.523564328204764,0.03203582733944638,37.0
FS-Primary,classification,phaseA,1.8664166450500488,0.036924289455703786,0.5721577167510986,0.03691834857062198,0.6199100007802261,,0.25127790999487254,"{'model__C': np.float64(0.6199100007802261), 'model__class_weight': None, 'model__gamma': 0.25127790999487254}",,,,,,,,,,,,,,,,,,,,,,,,,10000,40,5,pr_auc,FULL,,0.18567034342811434,0.16824404653453442,0.18960966674190657,0.14855524363469125,0.16472164573191636,0.17136018921423263,0.014910869131682682,24.0,0.5868242529347042,0.561513294808878,0.5876697544307964,0.5549008230613199,0.5658556608883416,0.571352757224808,0.013441062486337944,26.0
FS-Primary,classification,phaseA,2.433084726333618,0.08624536215288936,0.5125194549560547,0.049716623564772085,1.7670684411371547,,scale,"{'model__C': np.float64(1.7670684411371547), 'model__class_weight': None, 'model__gamma': 'scale'}",,,,,,,,,,,,,,,,,,,,,,,,,10000,40,5,pr_auc,FULL,,0.18609791018246272,0.18159357968336837,0.20677354851800878,0.1586509991170515,0.16540672567016862,0.17970455263421198,0.016881077890246777,19.0,0.5835306805016139,0.582537193522471,0.5879940180619683,0.5679561944141052,0.5433277226015336,0.5730691618203384,0.016325035827021307,24.0
FS-Primary,classification,phaseA,2.9613781929016114,0.1484299454758077,1.0911818504333497,0.060633509701897355,0.3588488911386258,,0.023184148549922883,"{'model__C': np.float64(0.3588488911386258), 'model__class_weight': 'balanced', 'model__gamma': 0.023184148549922883}",,,,,,,,,,,,,,,,,,,,,,,,,10000,40,5,pr_auc,FULL,balanced,0.2496799399089107,0.27025521408558734,0.2692260361036614,0.21907628054125278,0.19852693856427617,0.2413528818407377,0.028326333390688095,6.0,0.7012370327729888,0.7139704387722509,0.7132807735865493,0.6943653456077391,0.682043958019096,0.7009795097517248,0.012020432052130532,6.0
FS-Primary,classification,phaseA,0.5919225215911865,0.02897528643065351,0.35599842071533205,0.03844804895168785,0.2363790402300169,,0.00030086868214458434,"{'model__C': np.float64(0.2363790402300169), 'model__class_weight': None, 'model__gamma': 0.00030086868214458434}",,,,,,,,,,,,,,,,,,,,,,,,,10000,40,5,pr_auc,FULL,,0.13820604828723315,0.14432262985283106,0.13369304340859772,0.14285781475578285,0.11846501805678075,0.1355089108722451,0.009303270798424782,36.0,0.5467305950047484,0.5799818025186089,0.550234244175354,0.5554444921204557,0.48541088287658085,0.5435604033391496,0.03131679064362057,34.0
FS-Primary,classification,phaseA,1.1377737522125244,0.08324527365625252,0.5042524814605713,0.05473720876291732,36.831884165358986,,0.000878900434140548,"{'model__C': np.float64(36.831884165358986), 'model__class_weight': None, 'model__gamma': 0.000878900434140548}",,,,,,,,,,,,,,,,,,,,,,,,,10000,40,5,pr_auc,FULL,,0.11563916905253004,0.14049026523955868,0.10507447918197343,0.15846052174532937,0.12901202165201886,0.12973529137428208,0.018698597617456653,38.0,0.5059908528069447,0.5324820203076148,0.458036898297374,0.5769352668122952,0.5278265579496297,0.5202543192347717,0.038714439770211474,38.0
FS-Primary,classification,phaseA,0.6177223682403564,0.03656705101563903,0.345733642578125,0.04458567826029041,0.190696013320627,,0.005130551760589832,"{'model__C': np.float64(0.190696013320627), 'model__class_weight': None, 'model__gamma': 0.005130551760589832}",,,,,,,,,,,,,,,,,,,,,,,,,10000,40,5,pr_auc,FULL,,0.12037570006837557,0.12538207039655652,0.17119987199552636,0.12903939540959902,0.13185036363452107,0.1355694803009157,0.018224340471422275,35.0,0.4972104218735958,0.5256845834422278,0.5828348384973526,0.5152568653456077,0.5062191683000941,0.5254411754917756,0.03021348369224857,36.0
FS-Primary,classification,phaseA,1.3332168102264403,0.03095920191017692,0.633645486831665,0.023686495931034016,0.013399717231179723,,0.3828726839315699,"{'model__C': np.float64(0.013399717231179723), 'model__class_weight': None, 'model__gamma': 0.3828726839315699}",,,,,,,,,,,,,,,,,,,,,,,,,10000,40,5,pr_auc,FULL,,0.17199918415535234,0.15874481520338993,0.1684724939245178,0.13939713209089544,0.15844188641809004,0.1594111023584491,0.01133588059589296,28.0,0.5780146753426554,0.54788454278828,0.577235241165026,0.5445296653144016,0.5670118116834382,0.5629351872587602,0.014239287245613009,30.0
FS-Primary,classification,phaseA,1.9526281356811523,0.02466600782440961,0.673716926574707,0.05602054483661805,2.381502906658355,,0.42684077100654944,"{'model__C': np.float64(2.381502906658355), 'model__class_weight': None, 'model__gamma': 0.42684077100654944}",,,,,,,,,,,,,,,,,,,,,,,,,10000,40,5,pr_auc,FULL,,0.16155256739092994,0.15078226120556637,0.16014439382921652,0.13549916263677536,0.1534545712905821,0.15228659127061409,0.009306431334514018,30.0,0.5781628375243799,0.5531042192990098,0.5777724540465198,0.5436349274457793,0.5703272441105532,0.5646003364852484,0.013870491505243453,28.0
FS-Primary,classification,phaseA,0.6238806247711182,0.04844418803896493,0.359968900680542,0.061825878312309956,0.17638479543546878,,0.0006490003020716534,"{'model__C': np.float64(0.17638479543546878), 'model__class_weight': None, 'model__gamma': 0.0006490003020716534}",,,,,,,,,,,,,,,,,,,,,,,,,10000,40,5,pr_auc,FULL,,0.1259289843520907,0.1352890963702587,0.1913210914772228,0.18336277521126146,0.13233831952431474,0.15364805338702966,0.02779109692057409,29.0,0.5305347683204966,0.5527412376223249,0.634249983060855,0.6218964542050242,0.47844968922375164,0.5635744264864905,0.05805461411643408,29.0
FS-Primary,classification,phaseA,24.74638977050781,5.045403765150409,0.5161975860595703,0.1764812043448079,517.9261664176364,,0.00044145368764944787,"{'model__C': np.float64(517.9261664176364), 'model__class_weight': None, 'model__gamma': 0.00044145368764944787}",,,,,,,,,,,,,,,,,,,,,,,,,10000,40,5,pr_auc,FULL,,0.2043795442509807,0.2168485098925239,0.21241768967268693,0.1713566809718038,0.16134267723201154,0.19326902040400137,0.02256346430485641,14.0,0.6436553796230852,0.6286528056063729,0.6691857595028602,0.6050768450616321,0.5989589785067682,0.6291059536601438,0.025708053782178497,15.0
FS-Primary,classification,phaseA,22.583736610412597,0.9467430415984799,0.926083755493164,0.05877318088389819,445.1314315649202,,0.0002642269059725537,"{'model__C': np.float64(445.1314315649202), 'model__class_weight': None, 'model__gamma': 0.0002642269059725537}",,,,,,,,,,,,,,,,,,,,,,,,,10000,40,5,pr_auc,FULL,,0.20859030812409807,0.17410392757085807,0.21229629625592705,0.19362876427157016,0.17876036368671633,0.19347593198183394,0.015326423851866609,13.0,0.6613255414599075,0.6111885472021372,0.6448296889972994,0.6371338157278826,0.627571281797183,0.636409775036882,0.01677166597992061,14.0
FS-Primary,classification,phaseA,5.173044204711914,0.20137916995093666,1.9445388793945313,0.12913483140335189,1.917223980220144,,scale,"{'model__C': np.float64(1.917223980220144), 'model__class_weight': 'balanced', 'model__gamma': 'scale'}",,,,,,,,,,,,,,,,,,,,,,,,,10000,40,5,pr_auc,FULL,balanced,0.20844305341746644,0.19325841572426897,0.2025251400826813,0.19053082782587724,0.17106682646060176,0.19316485270217915,0.012777386288311985,15.0,0.6626152811073788,0.6514214362458984,0.6691567209687255,0.6585295092838196,0.6379839256177271,0.6559413746447099,0.010665689527939773,13.0
FS-Primary,classification,phaseA,14.239816665649414,0.7145465105241545,1.074307107925415,0.06046338792370497,290.2652141826387,,0.0003078589748025929,"{'model__C': np.float64(290.2652141826387), 'model__class_weight': None, 'model__gamma': 0.0003078589748025929}",,,,,,,,,,,,,,,,,,,,,,,,,10000,40,5,pr_auc,FULL,,0.14930592214509708,0.17237594897328828,0.15179988714722184,0.19457247048480714,0.15881852716049086,0.16537455118218103,0.0166552805824363,25.0,0.5908732096057672,0.5963982538161474,0.5758268722594884,0.619655952566703,0.6148536230511209,0.5995215822598454,0.016040281510067377,16.0
FS-Primary,classification,phaseA,5.010556077957153,0.1728471705441574,2.013180446624756,0.11657526413868584,0.6046293018986841,,scale,"{'model__C': np.float64(0.6046293018986841), 'model__class_weight': 'balanced', 'model__gamma': 'scale'}",,,,,,,,,,,,,,,,,,,,,,,,,10000,40,5,pr_auc,FULL,balanced,0.2118242552762804,0.20975919642491064,0.21162667385975084,0.19934454535074453,0.18126416937987594,0.20276376805831248,0.011691906372889877,11.0,0.6811622715934236,0.6825943026396027,0.6888956645468537,0.6752272195350288,0.6645729650167229,0.6784904846663263,0.008204800889746988,10.0
FS-Primary,classification,phaseA,5.148168134689331,0.11052123131575095,2.0299305438995363,0.11561556219408484,0.13793542352772473,,scale,"{'model__C': np.float64(0.13793542352772473), 'model__class_weight': 'balanced', 'model__gamma': 'scale'}",,,,,,,,,,,,,,,,,,,,,,,,,10000,40,5,pr_auc,FULL,balanced,0.2131386915394578,0.22576169088404574,0.24404256942801833,0.21927068694214857,0.18718458331982885,0.21787964442269986,0.01851066563305466,8.0,0.6940572391799102,0.7020380211206938,0.7028244814201778,0.687322027617413,0.6758527219335893,0.6924188982543569,0.010038965433821835,8.0
FS-Primary,classification,phaseA,3.7742807388305666,0.21734236535137785,0.986480712890625,0.11189496199589423,0.5792209767841348,,scale,"{'model__C': np.float64(0.5792209767841348), 'model__class_weight': None, 'model__gamma': 'scale'}",,,,,,,,,,,,,,,,,,,,,,,,,10000,40,5,pr_auc,FULL,,0.1863082665111141,0.18106929772702862,0.20693508170912184,0.15856660717554988,0.1653221636374912,0.17964028335206111,0.016974206777337762,20.0,0.5832756472379897,0.5820507980757132,0.5880787137865281,0.5677611561866126,0.543529320324208,0.5729391271222103,0.01619148788061758,25.0
FS-PM25,regression,phaseA,1.6866697311401366,0.020186252533228255,0.7820160865783692,0.013584469411972343,0.7459343285726545,3.3299643571142106,0.024810409748678097,"{'model__C': np.float64(0.7459343285726545), 'model__epsilon': np.float64(3.3299643571142106), 'model__gamma': 0.024810409748678097}",-3.4234639788168497,-3.3770404973063677,-3.344697658460702,-3.440696493920938,-3.4125461967706143,3.399688965055094,0.03449398209185131,9.0,-2.7152450739910403,-2.6515661339762073,-2.6690941217476776,-2.726644720880389,-2.6814361337258843,2.6887972368642394,0.028144177877520986,15.0,0.14059997795376533,0.1636511505965521,0.16441286738082184,0.1376144415815278,0.16657624831733076,0.15457093716599957,0.012697651798298916,9.0,10000,40,5,rmse,FULL,,,,,,,,,,,,,,,,,
FS-PM25,regression,phaseA,4.236965894699097,0.033458529720954665,2.1317898273468017,0.07388468094821951,0.06026889128682508,0.5881810951598992,scale,"{'model__C': np.float64(0.06026889128682508), 'model__epsilon': np.float64(0.5881810951598992), 'model__gamma': 'scale'}",-3.435304174568549,-3.3866699276834455,-3.359637453129246,-3.4435546855449886,-3.4229515179306005,3.409623551771366,0.03166679593702426,27.0,-2.722771556280475,-2.6595121416955654,-2.6810182309398107,-2.72692013660399,-2.687112810070677,2.6954669751181037,0.025714392267061806,27.0,0.13464515518277353,0.15887475235614812,0.15693154526772768,0.13618107658298173,0.1614860532430723,0.14962371652654066,0.011702674273760982,27.0,10000,40,5,rmse,FULL,,,,,,,,,,,,,,,,,
FS-PM25,regression,phaseA,2.6056844711303713,0.029759652234008525,1.327183485031128,0.0224388117919682,214.23021757741054,2.12384679051407,0.00012087541473056955,"{'model__C': np.float64(214.23021757741054), 'model__epsilon': np.float64(2.12384679051407), 'model__gamma': 0.00012087541473056955}",-3.4216873105115306,-3.3768414291203315,-3.340207771484019,-3.4413503895733952,-3.4109420878682433,3.398205797711504,0.03576382985321113,4.0,-2.7138052014091256,-2.6494546637292458,-2.6642885431147287,-2.726035598625067,-2.679613053353007,2.686639412046235,0.029057447219396872,3.0,0.14149174874041603,0.16374974908323114,0.16665472841082585,0.13728662205240771,0.16735958613537683,0.1553084868844515,0.013121821233383131,4.0,10000,40,5,rmse,FULL,,,,,,,,,,,,,,,,,
FS-PM25,regression,phaseA,2.014372205734253,0.0698197542973062,0.9520082473754883,0.010267737117384882,707.2114131472224,2.921927110761455,0.0005337032762603955,"{'model__C': np.float64(707.2114131472224), 'model__epsilon': np.float64(2.921927110761455), 'model__gamma': 0.0005337032762603955}",-3.4213133771832793,-3.3755807221588676,-3.3397241922964036,-3.4414180670354786,-3.4116420948579878,3.397935690706403,0.03609271936803797,2.0,-2.714038670297327,-2.6488733224176397,-2.664897864012818,-2.72692296483914,-2.681805389836804,2.6873076422807456,0.02930389573945068,8.0,0.14167937974071754,0.16437404236766429,0.16689600637054824,0.13725268954369696,0.1670177955669987,0.15544398271792514,0.013154736009699257,2.0,10000,40,5,rmse,FULL,,,,,,,,,,,,,,,,,
FS-PM25,regression,phaseA,3.686146306991577,0.031062236979128383,1.8135876655578613,0.06670300577973264,0.08260808399079603,1.0996357382104052,0.005342937261279772,"{'model__C': np.float64(0.08260808399079603), 'model__epsilon': np.float64(1.0996357382104052), 'model__gamma': 0.005342937261279772}",-3.458210979098198,-3.4306092442892298,-3.394006754081351,-3.47237929006283,-3.4720578514683633,3.4454528237999944,0.029875282597623263,30.0,-2.745681125951622,-2.70090310203632,-2.707950817911009,-2.7501710536244697,-2.7238416167148056,2.7257095432476453,0.019654264709229742,30.0,0.12306620781899469,0.1369073197171674,0.13959402875015692,0.12165919332090458,0.13725450494849156,0.13169625091114304,0.007689531711116628,30.0,10000,40,5,rmse,FULL,,,,,,,,,,,,,,,,,
FS-PM25,regression,phaseA,2.550442028045654,0.05199112772070533,1.2823091983795165,0.05303266014422987,0.2858549394196191,2.1608924867922092,scale,"{'model__C': np.float64(0.2858549394196191), 'model__epsilon': np.float64(2.1608924867922092), 'model__gamma': 'scale'}",-3.4270002781413815,-3.3798773943200158,-3.3456526126993347,-3.4414313522760946,-3.421041602937647,3.4030006480748947,0.035218913517419084,19.0,-2.7181920135782836,-2.6513523294725587,-2.669767345339445,-2.724872380848321,-2.690498490348672,2.6909365119174558,0.027963327939318775,24.0,0.1388236102936785,0.16224540368510654,0.16393565749958738,0.13724602843626343,0.16242152869811521,0.15293444572255022,0.012189892990328754,19.0,10000,40,5,rmse,FULL,,,,,,,,,,,,,,,,,
FS-PM25,regression,phaseA,3.4898438930511473,0.060075504051457285,1.6904266357421875,0.04052348074488879,0.2888838362365318,1.3139483593632364,0.13826232179369854,"{'model__C': np.float64(0.2888838362365318), 'model__epsilon': np.float64(1.3139483593632364), 'model__gamma': 0.13826232179369854}",-3.4257467144200957,-3.3792327391897343,-3.346253823965826,-3.441896578344218,-3.4181476176725125,3.402255494718477,0.03476218314577916,17.0,-2.715630437435271,-2.6520652768754127,-2.668066100908931,-2.7262726474498438,-2.684765056004109,2.6893599037347133,0.02799328293186151,16.0,0.13945351513732374,0.16256494858656467,0.16363515023033526,0.13701275179836547,0.16383800635932955,0.15330087442238374,0.012334535044625339,17.0,10000,40,5,rmse,FULL,,,,,,,,,,,,,,,,,
FS-PM25,regression,phaseA,3.295644426345825,0.07095785358854853,1.6435307025909425,0.031251585288581164,0.09962513222055108,1.8241088125269602,0.0001533916259116362,"{'model__C': np.float64(0.09962513222055108), 'model__epsilon': np.float64(1.8241088125269602), 'model__gamma': 0.0001533916259116362}",-3.673389788196342,-3.668245570740846,-3.6348448458965055,-3.680641383726162,-3.714622762538352,3.6743488702196414,0.02553554451860006,38.0,-2.9059493819739375,-2.8973815379511465,-2.8971704324159764,-2.9093598962002916,-2.9144117297197427,2.904854595652219,0.006748748887728581,38.0,0.01054086160784029,0.013194116873401773,0.01315313324171219,0.013139525516255413,0.012497449386948967,0.012505017325231727,0.0010154287792662705,38.0,10000,40,5,rmse,FULL,,,,,,,,,,,,,,,,,
FS-PM25,regression,phaseA,4.418252897262573,0.057245170348219646,2.056712579727173,0.05088202017116845,10.90747583515769,0.6383082267211558,scale,"{'model__C': np.float64(10.90747583515769), 'model__epsilon': np.float64(0.6383082267211558), 'model__gamma': 'scale'}",-3.4304705780890203,-3.380384216221229,-3.3466832861532994,-3.446299977743012,-3.414358977274762,3.4036394070962643,0.03588745971802512,23.0,-2.7177291222311366,-2.650129532218365,-2.6702379464929207,-2.7291218649617677,-2.681620434408848,2.6897677800626076,0.02949428753755193,19.0,0.13707861275208966,0.16199413764074344,0.1634204563391648,0.1348032093191457,0.1656905661774547,0.15259739644571965,0.0136699247034692,23.0,10000,40,5,rmse,FULL,,,,,,,,,,,,,,,,,
FS-PM25,regression,phaseA,1.751308536529541,0.08731022499643758,0.7961530208587646,0.045982133037536656,555.1721685244722,3.3814305141072296,0.0016536937182824417,"{'model__C': np.float64(555.1721685244722), 'model__epsilon': np.float64(3.3814305141072296), 'model__gamma': 0.0016536937182824417}",-3.422638272981182,-3.3756769646518365,-3.340269454280929,-3.441867861656846,-3.410800868115334,3.3982506843372255,0.03612787181481373,5.0,-2.714127910953606,-2.6483624068946967,-2.6651820933240553,-2.7270949831452307,-2.6810879566693737,2.6871710701973925,0.029486341957236185,6.0,0.14101448562324648,0.16432639197595178,0.1666239497615415,0.13702715201700444,0.16742853063009278,0.1552841020015674,0.013377447261991854,5.0,10000,40,5,rmse,FULL,,,,,,,,,,,,,,,,,
FS-PM25,regression,phaseA,2.5876399517059325,0.030079515441914745,1.2276063919067384,0.03633742249846668,0.030786517836196188,2.4106039414669413,0.00030771802712506853,"{'model__C': np.float64(0.030786517836196188), 'model__epsilon': np.float64(2.4106039414669413), 'model__gamma': 0.00030771802712506853}",-3.711419506569164,-3.698621395740313,-3.6687520180191924,-3.706809596267512,-3.746456455965263,3.706411794512289,0.02493094228343862,40.0,-2.9419982002307803,-2.9271110105044618,-2.935769268628146,-2.9427980171933537,-2.9508164659369664,2.939698592498742,0.007904284224266723,40.0,-0.010052451800859341,-0.0032165351147157573,-0.005344083082148066,-0.0009428984792592132,-0.004500536931373977,-0.004811301081671271,0.003011906673922537,40.0,10000,40,5,rmse,FULL,,,,,,,,,,,,,,,,,
FS-PM25,regression,phaseA,4.764065599441528,0.041326577931656686,2.391768455505371,0.06597421671042268,2.991469302130215,0.16864039784750345,0.0010842262717330158,"{'model__C': np.float64(2.991469302130215), 'model__epsilon': np.float64(0.16864039784750345), 'model__gamma': 0.0010842262717330158}",-3.422502140649281,-3.379933983878516,-3.3419728380434117,-3.441428070675909,-3.413389147604143,3.399845236170252,0.03513282629052904,12.0,-2.7145605646946325,-2.6511965691060095,-2.6649655790684634,-2.7252042232875455,-2.6803750903444246,2.6872604053002154,0.028390488358614692,7.0,0.14108281500328002,0.16221735026536077,0.16577376614228234,0.1372476738052706,0.16616446076979452,0.15449721319719764,0.012652102724317537,12.0,10000,40,5,rmse,FULL,,,,,,,,,,,,,,,,,
FS-PM25,regression,phaseA,3.338103771209717,0.23181183578370537,1.5769447326660155,0.09387424919940782,20.54051942538844,1.1254032125084679,0.015375920235481748,"{'model__C': np.float64(20.54051942538844), 'model__epsilon': np.float64(1.1254032125084679), 'model__gamma': 0.015375920235481748}",-3.423968124975185,-3.3776721527081643,-3.3423770051924486,-3.443082918427632,-3.4142022322604766,3.4002604867127806,0.03591911832127724,13.0,-2.713646658846005,-2.6489370435672437,-2.6650029561378292,-2.72681568624885,-2.6811286212599588,2.687106193211977,0.02919728957802785,5.0,0.14034684538168418,0.1633382531497174,0.16557197681433,0.13641774681790386,0.16576716670085434,0.15428839777289796,0.013074465366195278,13.0,10000,40,5,rmse,FULL,,,,,,,,,,,,,,,,,
FS-PM25,regression,phaseA,1.4890466690063477,0.08581741312764851,0.7429823398590087,0.04042991368730769,0.08399864445957499,3.395066965787727,0.5727904470799619,"{'model__C': np.float64(0.08399864445957499), 'model__epsilon': np.float64(3.395066965787727), 'model__gamma': 0.5727904470799619}",-3.4330144025563913,-3.3826862503683723,-3.3545450037643225,-3.441804387487427,-3.4205324295532047,3.4065164947459436,0.03290208912192141,25.0,-2.722688140236915,-2.6588511057536572,-2.6775633107817436,-2.7271682458891937,-2.6860567527264587,2.694465511077594,0.026422577918321557,26.0,0.13579836016223912,0.16085238874487995,0.15948540987613224,0.137058981234087,0.16267083342881905,0.15117319468923146,0.012087778734375372,25.0,10000,40,5,rmse,FULL,,,,,,,,,,,,,,,,,
FS-PM25,regression,phaseA,2.270030879974365,0.022986697133290608,1.111256980895996,0.09441635343898185,297.94544625913585,2.1127549268982437,0.00022592797420156947,"{'model__C': np.float64(297.94544625913585), 'model__epsilon': np.float64(2.1127549268982437), 'model__gamma': 0.00022592797420156947}",-3.422061399950596,-3.3767748669018878,-3.340163078937002,-3.4415488570567976,-3.410844752690972,3.3982785911074513,0.03587664766469263,7.0,-2.7136635438048278,-2.649210244545128,-2.664112012278224,-2.7261455443033573,-2.6794288267399686,2.686512034334301,0.02915947845352577,2.0,0.14130401888845734,0.16378271605810957,0.16667702886403823,0.137187111412165,0.1674071061716832,0.15527159627889067,0.013205570519755641,7.0,10000,40,5,rmse,FULL,,,,,,,,,,,,,,,,,
FS-PM25,regression,phaseA,4.246418380737305,0.16954718097844895,2.0379194736480715,0.1441941974339779,0.09548041810464164,0.20603414674135634,0.0035868164986275477,"{'model__C': np.float64(0.09548041810464164), 'model__epsilon': np.float64(0.20603414674135634), 'model__gamma': 0.0035868164986275477}",-3.4678190334629373,-3.445543796397191,-3.4097165812784525,-3.483216961016339,-3.487479230658202,3.458755120562624,0.02858296023003825,32.0,-2.752971902597539,-2.7144985306696947,-2.7210120830262623,-2.7588300677739115,-2.735879879408547,2.736638492695191,0.01728689894262639,32.0,0.11818661418450271,0.12937631945087125,0.13161047847509533,0.11616784400197588,0.12957360047527777,0.12498297131754459,0.006452847044171369,32.0,10000,40,5,rmse,FULL,,,,,,,,,,,,,,,,,
FS-PM25,regression,phaseA,2.11873836517334,0.045012044154791646,0.9673378467559814,0.040360223285813075,0.22737628102536853,2.909144406574156,0.0013296521457299509,"{'model__C': np.float64(0.22737628102536853), 'model__epsilon': np.float64(2.909144406574156), 'model__gamma': 0.0013296521457299509}",-3.5011808089204175,-3.482665973704145,-3.448038254815286,-3.516080058117075,-3.5276163416279194,3.495116287436969,0.02794230875192656,35.0,-2.7809265608706144,-2.750247203186952,-2.753053387053524,-2.7865112515409596,-2.771625204616619,2.7684727214537337,0.014562624924509772,35.0,0.10113822131370365,0.11051511617329923,0.11198119562098185,0.09941179357021579,0.10942297663254619,0.10649386066214934,0.005171065815277942,35.0,10000,40,5,rmse,FULL,,,,,,,,,,,,,,,,,
FS-PM25,regression,phaseA,4.193786191940307,0.059418591300241595,2.1616422653198244,0.03866762535531779,5.1698794422985355,0.5361885761629311,0.0001987021538542862,"{'model__C': np.float64(5.1698794422985355), 'model__epsilon': np.float64(0.5361885761629311), 'model__gamma': 0.0001987021538542862}",-3.4289222364932126,-3.394268816832722,-3.35720831959075,-3.445870127222288,-3.4310247549867237,3.4114588510251393,0.03197044821646096,29.0,-2.7225269574856727,-2.666886914070412,-2.6768844798133316,-2.7298046746107447,-2.6942997690602324,2.698080559008079,0.024660322543120037,28.0,0.13785739544322528,0.15509594408973482,0.15815023956242436,0.13501902459923187,0.1575260175874128,0.14872972425640582,0.010127590620413764,29.0,10000,40,5,rmse,FULL,,,,,,,,,,,,,,,,,
FS-PM25,regression,phaseA,3.600339984893799,0.15479788060337948,1.0208378791809083,0.03965811788986275,859.8737339212263,2.714244454073468,scale,"{'model__C': np.float64(859.8737339212263), 'model__epsilon': np.float64(2.714244454073468), 'model__gamma': 'scale'}",-3.4253686354542405,-3.3781724514148346,-3.342339811576082,-3.443023283433383,-3.4171859154253204,3.401218019460772,0.036286767892693444,14.0,-2.716986619213226,-2.650426351901551,-2.6683093976171324,-2.7279986649875463,-2.686677094098547,2.690079625563601,0.02905079005956633,20.0,0.13964345128758926,0.16309038315469881,0.16559054756386105,0.136447661448442,0.1643084516620158,0.15381609902332138,0.012940371062003502,14.0,10000,40,5,rmse,FULL,,,,,,,,,,,,,,,,,
FS-PM25,regression,phaseA,2.1193031311035155,0.016444953674459133,1.0023568153381348,0.02238054702401965,0.010656401760606449,2.8633419281691777,0.08241925264876443,"{'model__C': np.float64(0.010656401760606449), 'model__epsilon': np.float64(2.8633419281691777), 'model__gamma': 0.08241925264876443}",-3.462617786886956,-3.437210511653015,-3.4046826045985554,-3.4774156695457434,-3.4787854436744943,3.4521424032717527,0.028048946965467253,31.0,-2.749919604687625,-2.70816780930832,-2.7169033891126917,-2.7564893821509457,-2.7289552359436655,2.7320870842406495,0.018579320297454977,31.0,0.12082982551213628,0.13358255330968438,0.1341727006261766,0.11910943402889751,0.1339078884248912,0.1283204803803572,0.006842664791129261,31.0,10000,40,5,rmse,FULL,,,,,,,,,,,,,,,,,
FS-PM25,regression,phaseA,4.534990835189819,0.03480131120378207,2.260684633255005,0.018698768887217405,71.8375865581399,0.30545404848261176,0.00029072088906598436,"{'model__C': np.float64(71.8375865581399), 'model__epsilon': np.float64(0.30545404848261176), 'model__gamma': 0.00029072088906598436}",-3.4237761325266436,-3.378105047319715,-3.340350236194606,-3.443343586781648,-3.4103129578679745,3.3991775921381175,0.03628892281251728,8.0,-2.7133468743893374,-2.648422991402585,-2.662934559719419,-2.7269394808566534,-2.67762609525005,2.685854000323609,0.029792463622129114,1.0,0.14044324948399067,0.16312378024940044,0.16658364012357085,0.1362869819823953,0.16766670993909472,0.1548208723556904,0.013583354961730671,8.0,10000,40,5,rmse,FULL,,,,,,,,,,,,,,,,,
FS-PM25,regression,phaseA,2.5582175254821777,0.04654843260229786,1.2552337169647216,0.04996027696856311,206.78409397839485,2.200378537555075,0.00017956984225677626,"{'model__C': np.float64(206.78409397839485), 'model__epsilon': np.float64(2.200378537555075), 'model__gamma': 0.00017956984225677626}",-3.421696907759536,-3.3768823803876367,-3.3404042286900912,-3.441429293877469,-3.410912467171814,3.3982650555773093,0.03571345480656595,6.0,-2.713810194425333,-2.6494366592785843,-2.664458908602555,-2.72629695857051,-2.679528724727119,2.6867062891208198,0.02911196135391115,4.0,0.1414869327958781,0.16372946639248154,0.1665566976836853,0.13724706050163205,0.16737404740807516,0.15527884095635042,0.013116851594860632,6.0,10000,40,5,rmse,FULL,,,,,,,,,,,,,,,,,
FS-PM25,regression,phaseA,3.547935724258423,0.02329323455475377,1.7802133560180664,0.03208300463606161,0.3588488911386258,1.1718824609922773,0.03550012525851159,"{'model__C': np.float64(0.3588488911386258), 'model__epsilon': np.float64(1.1718824609922773), 'model__gamma': 0.03550012525851159}",-3.425404158934219,-3.37937414418405,-3.3457858145476873,-3.442121679028222,-3.414531383675199,3.4014434360738752,0.03459755638980514,15.0,-2.7152044102716255,-2.652270384043042,-2.667684152048198,-2.7266753533395187,-2.680039243362768,2.68837470861303,0.028241365555191675,11.0,0.13962560619097952,0.16249486168493232,0.1638690830248457,0.13689986905030915,0.1656063079498542,0.1536991455801842,0.012671645260091883,15.0,10000,40,5,rmse,FULL,,,,,,,,,,,,,,,,,
FS-PM25,regression,phaseA,3.982275056838989,0.10889689197192334,1.4822317600250243,0.06597386846636136,272.9378165037474,1.6791414918087253,scale,"{'model__C': np.float64(272.9378165037474), 'model__epsilon': np.float64(1.6791414918087253), 'model__gamma': 'scale'}",-3.4278883797583313,-3.3812715137598115,-3.3430638547146554,-3.4452939223161594,-3.4186617069764647,3.4032358755050844,0.03665429529259397,20.0,-2.7178604532998154,-2.6498120997945667,-2.666302686219149,-2.7286854988504956,-2.6854750836816956,2.6896271643691443,0.029897098582913863,17.0,0.13837720750289062,0.1615541532615259,0.1652289961295481,0.1353082778749276,0.16358646996535364,0.15281102094684917,0.013125850505297987,20.0,10000,40,5,rmse,FULL,,,,,,,,,,,,,,,,,
FS-PM25,regression,phaseA,2.2647923946380617,0.03530489212614097,1.0362689018249511,0.0339203515892243,36.831884165358986,2.6747084177282963,0.12130221181165154,"{'model__C': np.float64(36.831884165358986), 'model__epsilon': np.float64(2.6747084177282963), 'model__gamma': 0.12130221181165154}",-3.422199237698557,-3.3767329387588125,-3.3418486197724153,-3.443284430159126,-3.4150831731285574,3.399829679903493,0.03610164615837132,11.0,-2.7140441657829832,-2.649209340976483,-2.666260488664011,-2.728352006318024,-2.6845430949705005,2.6884818193424005,0.02930765773246695,13.0,0.14123484239503958,0.1638034819199956,0.16583577994045717,0.1363166588965844,0.16533660954110507,0.15450547453863636,0.012954419625404003,11.0,10000,40,5,rmse,FULL,,,,,,,,,,,,,,,,,
FS-PM25,regression,phaseA,2.9333990097045897,0.024463152896764727,1.415011501312256,0.05217969310855992,2.944272359149677,1.8534282613678796,0.0001263794633808287,"{'model__C': np.float64(2.944272359149677), 'model__epsilon': np.float64(1.8534282613678796), 'model__gamma': 0.0001263794633808287}",-3.4709472347179244,-3.4474059230996086,-3.4115786437672795,-3.486238953192345,-3.4907195306640966,3.4613780570882513,0.029140204125978127,33.0,-2.7566165548254085,-2.717316852838316,-2.722985395771366,-2.7619789511027917,-2.739983664412728,2.739776283790122,0.01768024960343597,33.0,0.11659498908337107,0.12843501683686553,0.13066175617536235,0.1146335769589657,0.12795538126816097,0.12365614406454513,0.006658322512420859,33.0,10000,40,5,rmse,FULL,,,,,,,,,,,,,,,,,
FS-PM25,regression,phaseA,4.5863203525543215,0.18714722274178225,2.1504351615905763,0.23561825527992683,0.034630370261191847,0.15843069061923318,0.0018089390092767132,"{'model__C': np.float64(0.034630370261191847), 'model__epsilon': np.float64(0.15843069061923318), 'model__gamma': 0.0018089390092767132}",-3.605497009076142,-3.5980791833136574,-3.5650024929011006,-3.617081484059701,-3.644425328244426,3.6060170995190055,0.02585765497048007,37.0,-2.8597023523102116,-2.8460380615884735,-2.8458366828585304,-2.8649015843702537,-2.862570086138604,2.8558097534532143,0.008227562364256731,37.0,0.04677787419369628,0.05058440806068554,0.05071266432851984,0.046928834891836746,0.04946763872006621,0.04889428403896092,0.0017224368005634677,37.0,10000,40,5,rmse,FULL,,,,,,,,,,,,,,,,,
FS-PM25,regression,phaseA,1.3752892017364502,0.02006504294022351,0.6249728679656983,0.02979006847128325,3.490225247838247,3.181104335045021,0.0043805807679056525,"{'model__C': np.float64(3.490225247838247), 'model__epsilon': np.float64(3.181104335045021), 'model__gamma': 0.0043805807679056525}",-3.421343484640198,-3.375981057035041,-3.3408344539741512,-3.4405111434654154,-3.4108841576379745,3.3979108593505556,0.035414152208898354,1.0,-2.714565951552909,-2.6501846166764946,-2.666137324356632,-2.726408904965701,-2.6811542009237237,2.6876901996950924,0.028758854805484384,9.0,0.14166427328190967,0.16417582459181568,0.1663419982355151,0.13770735256683686,0.1673878684339678,0.15545546342200903,0.012977950477288962,1.0,10000,40,5,rmse,FULL,,,,,,,,,,,,,,,,,
FS-PM25,regression,phaseA,3.4623984336853026,0.08337523663417426,1.3313472270965576,0.031174726337200778,59.94537656798816,0.8393536709460976,scale,"{'model__C': np.float64(59.94537656798816), 'model__epsilon': np.float64(0.8393536709460976), 'model__gamma': 'scale'}",-3.4302389694283995,-3.3793910881964555,-3.3450106813947404,-3.4473231324643585,-3.4151259940608587,3.4034179731089624,0.036804373490630427,22.0,-2.717171318561834,-2.6460765865872173,-2.6663135532496427,-2.7278406069676966,-2.681525921140187,2.6877855973013154,0.03068484384683322,10.0,0.13719512931469124,0.16248646324639093,0.16425645852003712,0.1342894051855693,0.16531567811027315,0.15270862687539236,0.013912818369077618,22.0,10000,40,5,rmse,FULL,,,,,,,,,,,,,,,,,
FS-PM25,regression,phaseA,3.060556697845459,0.028791335334689975,1.3680220603942872,0.03447599790824279,0.2810329644763607,0.6062134410263154,0.1707975034295822,"{'model__C': np.float64(0.2810329644763607), 'model__epsilon': np.float64(0.6062134410263154), 'model__gamma': 0.1707975034295822}",-3.4267324767154435,-3.3790157380397337,-3.349820365439374,-3.4418915602623477,-3.417349388916415,3.4029619058746627,0.0337194305139689,18.0,-2.7160604162583146,-2.6527814300712365,-2.6707641351181706,-2.72662987542604,-2.6843418579369827,2.690115542962149,0.027597396019562716,21.0,0.1389581975334886,0.16267249876047551,0.1618513527478357,0.13701526816537946,0.16422849307271736,0.15294516205597933,0.012252767579243604,18.0,10000,40,5,rmse,FULL,,,,,,,,,,,,,,,,,
FS-PM25,regression,phaseA,1.2391846179962158,0.0336247776724612,0.5902609825134277,0.010747498222610737,14.689898077648792,3.056539036147626,0.0005575453980775369,"{'model__C': np.float64(14.689898077648792), 'model__epsilon': np.float64(3.056539036147626), 'model__gamma': 0.0005575453980775369}",-3.4205393220498923,-3.3766590401838563,-3.3413741989395414,-3.4400857607582935,-3.412136983526213,3.3981590610915595,0.03504533637947327,3.0,-2.7148154308225374,-2.6512161514736263,-2.6669362768512204,-2.7268767263345133,-2.682713139047242,2.6885115449058277,0.02847399386727114,14.0,0.1420677173478203,0.1638400812341987,0.16607260502643517,0.13792056606312664,0.16677611526092473,0.1553354169865011,0.012631824764165907,3.0,10000,40,5,rmse,FULL,,,,,,,,,,,,,,,,,
FS-PM25,regression,phaseA,2.758458948135376,0.11159672096327694,0.9570688724517822,0.029340229536182615,290.2652141826387,1.9107307346089952,0.3840300419098852,"{'model__C': np.float64(290.2652141826387), 'model__epsilon': np.float64(1.9107307346089952), 'model__gamma': 0.3840300419098852}",-3.424526554616461,-3.38017752226969,-3.342601559510832,-3.4464704902749728,-3.4320101146015163,3.4051572482546946,0.038315091884810186,24.0,-2.714988722889336,-2.6493267975288792,-2.666429374584204,-2.72869674380983,-2.6927270407127946,2.6904337359050086,0.029455913334150596,22.0,0.14006641347787485,0.16209661442239365,0.1654598525925689,0.13471759254407156,0.1570420461197376,0.1518765038313293,0.012243752054963612,24.0,10000,40,5,rmse,FULL,,,,,,,,,,,,,,,,,
FS-PM25,regression,phaseA,3.376012897491455,0.09584418334299995,1.4894955635070801,0.05398821683364474,0.38906070987056324,0.4296791396204848,0.005110120656497161,"{'model__C': np.float64(0.38906070987056324), 'model__epsilon': np.float64(0.4296791396204848), 'model__gamma': 0.005110120656497161}",-3.4242162562337803,-3.3843673738480353,-3.3476115354872507,-3.441296320234049,-3.4192075502415333,3.40333980720893,0.033448174152204024,21.0,-2.717389374055866,-2.656839369805498,-2.669804171799946,-2.7255120398027324,-2.6853542196528517,2.6909798350233785,0.026591594707254293,25.0,0.14022224460242338,0.16001810427718777,0.16295631794787058,0.13731373116404388,0.1633193554164003,0.1527659506815852,0.011523257512626327,21.0,10000,40,5,rmse,FULL,,,,,,,,,,,,,,,,,
FS-PM25,regression,phaseA,1.8222229480743408,0.061023859953845905,0.6564774513244629,0.04709546973215943,123.04779330083686,3.0195205122343847,scale,"{'model__C': np.float64(123.04779330083686), 'model__epsilon': np.float64(3.0195205122343847), 'model__gamma': 'scale'}",-3.435673819533304,-3.3769550472112946,-3.348572007671761,-3.450595977637359,-3.4233630413566742,3.4070319786820784,0.03822844667948092,26.0,-2.7202517757745532,-2.6458332726830407,-2.668101316157081,-2.731363693352731,-2.6875093865510435,2.69061188890369,0.031814173999760595,23.0,0.13445891765947282,0.16369347474670115,0.1624759321575482,0.13264483541381167,0.1612844208955302,0.1509115161746128,0.014206132184599672,26.0,10000,40,5,rmse,FULL,,,,,,,,,,,,,,,,,
FS-PM25,regression,phaseA,2.47890625,0.06549306932951429,1.1032723426818847,0.04487366093843935,3.57879245350232,1.4900679608632876,0.0003016209262796776,"{'model__C': np.float64(3.57879245350232), 'model__epsilon': np.float64(1.4900679608632876), 'model__gamma': 0.0003016209262796776}",-3.4286095111184,-3.3929780748521736,-3.3563554269565183,-3.446053098862751,-3.4317341720157657,3.4111460567611216,0.03249440874101608,28.0,-2.723372544751578,-2.6668435377108635,-2.6767917185716334,-2.730527749942925,-2.69572714328362,2.698652538852124,0.025001494875007007,29.0,0.13801464693851373,0.15573840692369134,0.15857792601332255,0.13492716322077591,0.1571775927169562,0.14888714716265194,0.010224234497663357,28.0,10000,40,5,rmse,FULL,,,,,,,,,,,,,,,,,
FS-PM25,regression,phaseA,1.2641058921813966,0.03951049221450428,0.5741823196411133,0.0605740174678175,0.4876136527961179,3.303038478498191,0.011889469769530467,"{'model__C': np.float64(0.4876136527961179), 'model__epsilon': np.float64(3.303038478498191), 'model__gamma': 0.011889469769530467}",-3.4217046646767635,-3.3788113808157756,-3.3444704287623805,-3.4398062842029504,-3.4137237353860335,3.399703298768781,0.03398830490150273,10.0,-2.7155394686941974,-2.654324186941699,-2.6692938126173313,-2.72630646594542,-2.6828566462876187,2.689664116097253,0.027285150452964133,18.0,0.14148304032817627,0.16277377603327936,0.16452639857665485,0.1380606330385611,0.16600098403442876,0.15456896640222006,0.01217314187376914,10.0,10000,40,5,rmse,FULL,,,,,,,,,,,,,,,,,
FS-PM25,regression,phaseA,2.870231056213379,0.07006324207479887,1.210140323638916,0.023142398888244386,32.741215209888836,1.3045221282085644,0.7076022085821999,"{'model__C': np.float64(32.741215209888836), 'model__epsilon': np.float64(1.3045221282085644), 'model__gamma': 0.7076022085821999}",-3.4260103502691726,-3.3784294448627157,-3.343541349545187,-3.445847088360991,-3.4159677952779934,3.401959205663212,0.03651613326818992,16.0,-2.715765369318817,-2.647116270336569,-2.6668775035360084,-2.728435231421498,-2.6838282101075284,2.688404516944084,0.030133531298873435,12.0,0.13932105955797458,0.16296304301906306,0.1649905159074614,0.13503059097252046,0.1649041413900073,0.15344187016940536,0.013369967137883033,16.0,10000,40,5,rmse,FULL,,,,,,,,,,,,,,,,,
FS-PM25,regression,phaseA,2.3147114276885987,0.05552045829071678,1.0262556552886963,0.04326449951830592,0.18151456496577564,1.76550734532873,0.0013783578294796377,"{'model__C': np.float64(0.18151456496577564), 'model__epsilon': np.float64(1.76550734532873), 'model__gamma': 0.0013783578294796377}",-3.498653231903563,-3.480196571232412,-3.445580084231372,-3.5124557574537514,-3.5245142083675187,3.4922799706377234,0.027617439585826235,34.0,-2.7781094590989737,-2.74696572024918,-2.7505812876524813,-2.782261152442124,-2.768056548647175,2.765194833617987,0.014227385580831624,34.0,0.10243556778924068,0.11177605676808322,0.11324691451736202,0.10126745109098989,0.11098860826824763,0.10794291968678468,0.005039728680770322,34.0,10000,40,5,rmse,FULL,,,,,,,,,,,,,,,,,
FS-PM25,regression,phaseA,1.8561002254486083,0.04049841135338439,0.8150481224060059,0.020264111177677326,0.015290959455830377,2.152996952230644,0.0001606626792172771,"{'model__C': np.float64(0.015290959455830377), 'model__epsilon': np.float64(2.152996952230644), 'model__gamma': 0.0001606626792172771}",-3.6983809552322584,-3.693037364570462,-3.6605336453102444,-3.7038017945291095,-3.7390860651567146,3.6989679649597584,0.025082031018389517,39.0,-2.9286396393717284,-2.919867428812527,-2.9211469033424873,-2.9320860880479693,-2.9374544575197796,2.9278389034188983,0.006625192954612844,39.0,-0.002968107015799193,-0.00018958914170519314,-0.0008449846678013628,0.0006808247021017344,-0.0005521237515899724,-0.0007747959749587974,0.001210489263620972,39.0,10000,40,5,rmse,FULL,,,,,,,,,,,,,,,,,
FS-PM25,regression,phaseA,1.370139217376709,0.049260167645455634,0.6049537181854248,0.05401521195645362,0.2473046721099913,3.1835173065849554,0.00037982145084532567,"{'model__C': np.float64(0.2473046721099913), 'model__epsilon': np.float64(3.1835173065849554), 'model__gamma': 0.00037982145084532567}",-3.600237992729262,-3.5922575391225737,-3.557621621151668,-3.6134755021538676,-3.637823339625389,3.6002831989565522,0.026335233073819086,36.0,-2.858302006515294,-2.843971394834157,-2.841169914989184,-2.8642715485899135,-2.860692998536467,2.853681572693003,0.009311124777487108,36.0,0.04955660606548917,0.0536542061662475,0.054639346006938094,0.04882818069641115,0.052908356651115596,0.0519173391172403,0.0023032196897624572,36.0,10000,40,5,rmse,FULL,,,,,,,,,,,,,,,,,
FS-PM25,classification,phaseA,1.0598926544189453,0.17010094690910577,0.48244194984436034,0.022651640059207025,0.7459343285726545,,scale,"{'model__C': np.float64(0.7459343285726545), 'model__class_weight': None, 'model__gamma': 'scale'}",,,,,,,,,,,,,,,,,,,,,,,,,10000,40,5,pr_auc,FULL,,0.16692057119460607,0.16775424039259845,0.2012204093609862,0.1463133800189044,0.12421789516411547,0.16128529922624213,0.02555999733998953,31.0,0.5104733660261689,0.513944546079314,0.5678570045784089,0.5295812041660165,0.4379637658454596,0.5119639773390736,0.04222930984699991,36.0
FS-PM25,classification,phaseA,21.32389693260193,3.61957141574357,0.47309579849243166,0.01950909927451328,79.15074397656205,,scale,"{'model__C': np.float64(79.15074397656205), 'model__class_weight': None, 'model__gamma': 'scale'}",,,,,,,,,,,,,,,,,,,,,,,,,10000,40,5,pr_auc,FULL,,0.14118082568554557,0.2067909027817764,0.1908028985544102,0.14510603894448598,0.17538789833934426,0.17185371286111248,0.02548895216607149,23.0,0.45488583010898415,0.576116047661914,0.5611491031932708,0.5401912837416134,0.5791768983583145,0.5423038326128194,0.04583536432001394,24.0
FS-PM25,classification,phaseA,0.6629199504852294,0.03674434322834366,0.46909117698669434,0.04029983133882272,0.060252157362038566,,0.0021618942406574425,"{'model__C': np.float64(0.060252157362038566), 'model__class_weight': None, 'model__gamma': 0.0021618942406574425}",,,,,,,,,,,,,,,,,,,,,,,,,10000,40,5,pr_auc,FULL,,0.10346768983505825,0.2869447375187091,0.09807489238769238,0.11058403069261129,0.15871227887004952,0.15155672586082408,0.07103905867398008,32.0,0.4179521557597441,0.7222403713060565,0.40153638044351514,0.4461657922452801,0.6304094376880871,0.5236608274885366,0.1287814313745435,34.0
FS-PM25,classification,phaseA,0.9379533767700196,0.02112535913435705,0.615451431274414,0.03578002433194257,0.0518005164424302,,scale,"{'model__C': np.float64(0.0518005164424302), 'model__class_weight': None, 'model__gamma': 'scale'}",,,,,,,,,,,,,,,,,,,,,,,,,10000,40,5,pr_auc,FULL,,0.19597214685324907,0.1506661074099042,0.17921355272846906,0.1897845328208016,0.13729341134909157,0.1705859502323031,0.022771356395594026,24.0,0.6142306132214101,0.5499958862076643,0.525027586607428,0.6367083885941645,0.4662263092314755,0.5584377567724285,0.06152981446940153,21.0
FS-PM25,classification,phaseA,3.1291045188903808,0.19248463538363952,1.339543056488037,0.06621631965330183,707.2114131472224,,0.00010071984838809192,"{'model__C': np.float64(707.2114131472224), 'model__class_weight': 'balanced', 'model__gamma': 0.00010071984838809192}",,,,,,,,,,,,,,,,,,,,,,,,,10000,40,5,pr_auc,FULL,balanced,0.26505249310291007,0.28836923894321054,0.2830496985593045,0.21517214160123205,0.2170277260638176,0.2537342596540949,0.031690647560128876,1.0,0.7036889954361191,0.7222427911839011,0.714262034052521,0.6977382879544389,0.6859216780702969,0.7047707573394553,0.01265914629086149,1.0
FS-PM25,classification,phaseA,13.317500877380372,4.564824539000243,0.5420187473297119,0.0761279006162558,914.2349009056912,,0.012561043700013555,"{'model__C': np.float64(914.2349009056912), 'model__class_weight': None, 'model__gamma': 0.012561043700013555}",,,,,,,,,,,,,,,,,,,,,,,,,10000,40,5,pr_auc,FULL,,0.2649558759669512,0.2819664402745173,0.2631033722242421,0.1751298675362345,0.216557441716901,0.24034259954376921,0.03917867893436527,10.0,0.7026421446111472,0.6907626003039367,0.6872295786508698,0.6207445096738962,0.6826402500783317,0.6768038166636362,0.02880233740524675,17.0
FS-PM25,classification,phaseA,0.7207983016967774,0.0912433861408754,0.4673328399658203,0.10231062306658091,1.4445251022763053,,0.003975977214318095,"{'model__C': np.float64(1.4445251022763053), 'model__class_weight': None, 'model__gamma': 0.003975977214318095}",,,,,,,,,,,,,,,,,,,,,,,,,10000,40,5,pr_auc,FULL,,0.1312701811137984,0.14884460981889186,0.1524079732129606,0.09802390824561735,0.15500629793388732,0.1371105940650311,0.021231262719186735,35.0,0.5592988771249735,0.5555398263495659,0.6166804599703807,0.3617508094086441,0.6051902912479871,0.5396920528203102,0.09221268856797543,26.0
FS-PM25,classification,phaseA,3.6435976028442383,0.08985138336623405,1.7269447326660157,0.06110918365083356,0.017113085338473895,,0.006672367170464204,"{'model__C': np.float64(0.017113085338473895), 'model__class_weight': 'balanced', 'model__gamma': 0.006672367170464204}",,,,,,,,,,,,,,,,,,,,,,,,,10000,40,5,pr_auc,FULL,balanced,0.26505249310291007,0.28836923894321054,0.2830496985593045,0.21517214160123205,0.2170277260638176,0.2537342596540949,0.031690647560128876,1.0,0.7036889954361191,0.7222427911839011,0.714262034052521,0.6977382879544389,0.6859216780702969,0.7047707573394553,0.01265914629086149,1.0
FS-PM25,classification,phaseA,24.794482898712157,4.785542320560379,0.43268985748291017,0.032708505738362384,84.31013932082456,,0.8568869785189,"{'model__C': np.float64(84.31013932082456), 'model__class_weight': None, 'model__gamma': 0.8568869785189}",,,,,,,,,,,,,,,,,,,,,,,,,10000,40,5,pr_auc,FULL,,0.19491442970916545,0.16638481280215348,0.16392438245979585,0.1345903940231716,0.16813176576419958,0.16558915695169724,0.019135121255500355,27.0,0.6020643121024213,0.519653037914646,0.533678649901753,0.4815847343579342,0.5334457908581505,0.5340853050269809,0.038952073126608124,28.0
FS-PM25,classification,phaseA,0.6220496654510498,0.02261083808836454,0.4076343536376953,0.047650347480946514,2.156822801926395,,0.00048094619675015724,"{'model__C': np.float64(2.156822801926395), 'model__class_weight': None, 'model__gamma': 0.00048094619675015724}",,,,,,,,,,,,,,,,,,,,,,,,,10000,40,5,pr_auc,FULL,,0.11878181933572002,0.11784671172043701,0.13870671880936788,0.14547394832658303,0.12963471945568258,0.1300887835295581,0.010852594528150433,36.0,0.48620634377026606,0.5073068211516683,0.5584436797630457,0.5857058921048526,0.5369093854669902,0.5349144244513646,0.0354176108594616,27.0
FS-PM25,classification,phaseA,3.33183217048645,0.16393558335749428,1.6113040924072266,0.2008451220888926,0.021147447960615712,,0.017912362571043654,"{'model__C': np.float64(0.021147447960615712), 'model__class_weight': 'balanced', 'model__gamma': 0.017912362571043654}",,,,,,,,,,,,,,,,,,,,,,,,,10000,40,5,pr_auc,FULL,balanced,0.26505249310291007,0.28836923894321054,0.2830496985593045,0.21517214160123205,0.2170277260638176,0.2537342596540949,0.031690647560128876,1.0,0.7036889954361191,0.7222427911839011,0.714262034052521,0.6977382879544389,0.6859216780702969,0.7047707573394553,0.01265914629086149,1.0
FS-PM25,classification,phaseA,3.6225254058837892,0.5859008246993425,1.1657460689544679,0.5083811056509702,0.8454394570684998,,scale,"{'model__C': np.float64(0.8454394570684998), 'model__class_weight': 'balanced', 'model__gamma': 'scale'}",,,,,,,,,,,,,,,,,,,,,,,,,10000,40,5,pr_auc,FULL,balanced,0.1891068606313315,0.20656012908940713,0.21002312734961842,0.20476968886630342,0.19325021180073718,0.20074200354747954,0.008095870393422506,18.0,0.6945830934806211,0.6947070011905799,0.7058916765881659,0.6883886429240131,0.6779670691334456,0.6923074966633651,0.009126567629196594,14.0
FS-PM25,classification,phaseA,1.1388070583343506,0.5871158980046138,0.16278796195983886,0.0011767131655945713,26.373339933815235,,0.027541439213320282,"{'model__C': np.float64(26.373339933815235), 'model__class_weight': None, 'model__gamma': 0.027541439213320282}",,,,,,,,,,,,,,,,,,,,,,,,,10000,40,5,pr_auc,FULL,,0.20285869196054793,0.18740937615724665,0.20486762373275613,0.17507247367381185,0.14473251194461437,0.1829881354937954,0.021996585299024828,20.0,0.6019282943618217,0.5434017190812208,0.5844864051262693,0.6061897819472617,0.5529716232988674,0.5777955647630881,0.025426569736243795,20.0
FS-PM25,classification,phaseA,0.4532073974609375,0.07175839273851715,0.16326527595520018,0.004083413988901057,146.54619905022173,,0.0010842262717330158,"{'model__C': np.float64(146.54619905022173), 'model__class_weight': None, 'model__gamma': 0.0010842262717330158}",,,,,,,,,,,,,,,,,,,,,,,,,10000,40,5,pr_auc,FULL,,0.18332943432888157,0.16147726187202,0.25041699988633803,0.2150169824685395,0.2170277260638176,0.20545368092391936,0.03056312493668222,14.0,0.635126338621023,0.5242048281402755,0.6751108304052811,0.697033712357622,0.6859216780702969,0.6434794775188997,0.06319201825558318,18.0
FS-PM25,classification,phaseA,1.442252779006958,0.04420313246269992,0.5188104629516601,0.0006634194683031546,20.54051942538844,,0.0006788387912421218,"{'model__C': np.float64(20.54051942538844), 'model__class_weight': 'balanced', 'model__gamma': 0.0006788387912421218}",,,,,,,,,,,,,,,,,,,,,,,,,10000,40,5,pr_auc,FULL,balanced,0.26505249310291007,0.28836923894321054,0.2830496985593045,0.21517214160123205,0.2170277260638176,0.2537342596540949,0.031690647560128876,1.0,0.7036889954361191,0.7222427911839011,0.714262034052521,0.6977382879544389,0.6859216780702969,0.7047707573394553,0.01265914629086149,1.0
FS-PM25,classification,phaseA,1.425775146484375,0.23312780574129816,0.16724772453308107,0.0013213688806343233,6.894481952587266,,0.12604664585649453,"{'model__C': np.float64(6.894481952587266), 'model__class_weight': None, 'model__gamma': 0.12604664585649453}",,,,,,,,,,,,,,,,,,,,,,,,,10000,40,5,pr_auc,FULL,,0.18158963022300695,0.17560467627236365,0.17696373014242384,0.18444767880797786,0.16672825009058337,0.17706679310727114,0.006065763078523934,21.0,0.5218235607015601,0.5415577721636612,0.5191472834451316,0.5995877379466376,0.5531756499097668,0.5470584008333514,0.029130178646627054,22.0
FS-PM25,classification,phaseA,3.1195715427398683,0.21534656875865044,0.488798713684082,0.003712979576691546,498.3043837494905,,0.08111253665497056,"{'model__C': np.float64(498.3043837494905), 'model__class_weight': 'balanced', 'model__gamma': 0.08111253665497056}",,,,,,,,,,,,,,,,,,,,,,,,,10000,40,5,pr_auc,FULL,balanced,0.257516270018759,0.24938841330542172,0.25059136370587254,0.2019989012067601,0.2106104652488876,0.2340210826971402,0.022961837934807435,12.0,0.6966355040307399,0.7072008305020763,0.7005800447193425,0.6918018119051335,0.6771023849253481,0.694664115216528,0.01012581825786475,11.0
FS-PM25,classification,phaseA,1.4589709281921386,0.052671191840431016,0.47701458930969237,0.0027201711280927013,0.42924361527658117,,scale,"{'model__C': np.float64(0.42924361527658117), 'model__class_weight': 'balanced', 'model__gamma': 'scale'}",,,,,,,,,,,,,,,,,,,,,,,,,10000,40,5,pr_auc,FULL,balanced,0.20138622466916903,0.19839660937492723,0.2094832988007818,0.2070242411691548,0.20014236728452908,0.20328654825971237,0.004237420715575788,15.0,0.697641063755887,0.6950772425007986,0.7061336643726224,0.6881229033390545,0.6779257780336206,0.6929801304003967,0.00948012462758755,12.0
FS-PM25,classification,phaseA,1.289265251159668,0.016480677600259102,0.5358516693115234,0.007459004444112176,0.016832027985721906,,0.09756194291174561,"{'model__C': np.float64(0.016832027985721906), 'model__class_weight': 'balanced', 'model__gamma': 0.09756194291174561}",,,,,,,,,,,,,,,,,,,,,,,,,10000,40,5,pr_auc,FULL,balanced,0.24032564375091806,0.2776333341306158,0.25700942806167865,0.2176742498813268,0.20842126130668873,0.2402127834262456,0.025302663877599735,11.0,0.7028291690044716,0.7215603856317333,0.7132263263350466,0.6973555254329848,0.684527496229151,0.7038997805266775,0.012791718508936352,10.0
FS-PM25,classification,phaseA,1.3457254409790038,0.019980810867767887,0.523713493347168,0.004757027468208105,4.994139416350942,,0.0013296521457299509,"{'model__C': np.float64(4.994139416350942), 'model__class_weight': 'balanced', 'model__gamma': 0.0013296521457299509}",,,,,,,,,,,,,,,,,,,,,,,,,10000,40,5,pr_auc,FULL,balanced,0.26505249310291007,0.28836923894321054,0.2830496985593045,0.21517214160123205,0.2170277260638176,0.2537342596540949,0.031690647560128876,1.0,0.7036889954361191,0.7222427911839011,0.714262034052521,0.6977382879544389,0.6859216780702969,0.7047707573394553,0.01265914629086149,1.0
FS-PM25,classification,phaseA,0.26027956008911135,0.00856612393655846,0.16101832389831544,0.0014998882560778306,5.1698794422985355,,0.0004582133690843353,"{'model__C': np.float64(5.1698794422985355), 'model__class_weight': None, 'model__gamma': 0.0004582133690843353}",,,,,,,,,,,,,,,,,,,,,,,,,10000,40,5,pr_auc,FULL,,0.10266238339514831,0.10751993431978682,0.10049946197508813,0.1189040127274554,0.1047504419961634,0.10686724688272839,0.006450118718259707,40.0,0.41238514394806064,0.4760178006214246,0.4194555758825294,0.5216212065064753,0.4421293091513221,0.45432180722196236,0.04030612880744527,40.0
FS-PM25,classification,phaseA,0.2450265884399414,0.008276825253112475,0.1613797664642334,0.003540594833470282,0.011972422479639328,,0.0006235377135673155,"{'model__C': np.float64(0.011972422479639328), 'model__class_weight': None, 'model__gamma': 0.0006235377135673155}",,,,,,,,,,,,,,,,,,,,,,,,,10000,40,5,pr_auc,FULL,,0.26505249310291007,0.28836923894321054,0.2830496985593045,0.21517214160123205,0.07871016331002792,0.22607074710333702,0.07807842310589386,13.0,0.7036889954361191,0.7222427911839011,0.714262034052521,0.6977382879544389,0.31407832192970314,0.6304020861113366,0.15838754049482268,19.0
FS-PM25,classification,phaseA,0.24043745994567872,0.006545017454991315,0.16372966766357422,0.005067097359358984,0.010656401760606449,,scale,"{'model__C': np.float64(0.010656401760606449), 'model__class_weight': None, 'model__gamma': 'scale'}",,,,,,,,,,,,,,,,,,,,,,,,,10000,40,5,pr_auc,FULL,,0.13577549884147933,0.11928406600227295,0.21114517314338838,0.1559372947244151,0.19169825579674116,0.16276805770165936,0.03418601103102534,29.0,0.428073332993289,0.39459617078529874,0.6120367143866577,0.5806129563894523,0.6497603901766045,0.5330159129462604,0.1022858823843203,29.0
FS-PM25,classification,phaseA,0.30474185943603516,0.01078741633678671,0.16222968101501464,0.0037573826168086247,36.03377510962436,,0.00019777828512462716,"{'model__C': np.float64(36.03377510962436), 'model__class_weight': None, 'model__gamma': 0.00019777828512462716}",,,,,,,,,,,,,,,,,,,,,,,,,10000,40,5,pr_auc,FULL,,0.11157225599420767,0.14621924452908613,0.10900455594255161,0.11559545720633424,0.12155235031711108,0.12078877279785813,0.013402047745167319,37.0,0.4717180255081842,0.5352370512336537,0.46180343816244157,0.5098750292557341,0.5008185353318226,0.4958904158983673,0.026511280589433493,37.0
FS-PM25,classification,phaseA,0.4235826969146729,0.05452634229701573,0.19200601577758789,0.02969501822642331,0.6199100007802261,,0.25127790999487254,"{'model__C': np.float64(0.6199100007802261), 'model__class_weight': None, 'model__gamma': 0.25127790999487254}",,,,,,,,,,,,,,,,,,,,,,,,,10000,40,5,pr_auc,FULL,,0.18756654617027563,0.21724812178148112,0.1594522948336088,0.14885126447934427,0.132073248370925,0.16903829512712698,0.030110814543784302,25.0,0.5629859294505126,0.605142482407488,0.47083442227836336,0.5281964327508192,0.485220215150919,0.5304758964076204,0.049482076331146894,30.0
FS-PM25,classification,phaseA,0.5448105812072754,0.07728272319870307,0.1775663375854492,0.00551892368908273,1.7670684411371547,,scale,"{'model__C': np.float64(1.7670684411371547), 'model__class_weight': None, 'model__gamma': 'scale'}",,,,,,,,,,,,,,,,,,,,,,,,,10000,40,5,pr_auc,FULL,,0.19844920431487084,0.17054474479094547,0.16583489681229407,0.13904791834740485,0.14586155937312117,0.16394766472772726,0.020902363124235764,28.0,0.5879184670800635,0.5184600381372748,0.5038221970554926,0.5137879836948042,0.5099705861635954,0.5267918544262461,0.030937171224586505,33.0
FS-PM25,classification,phaseA,1.3287812232971192,0.026396215384491915,0.5283494472503663,0.008027222412967628,0.3588488911386258,,0.023184148549922883,"{'model__C': np.float64(0.3588488911386258), 'model__class_weight': 'balanced', 'model__gamma': 0.023184148549922883}",,,,,,,,,,,,,,,,,,,,,,,,,10000,40,5,pr_auc,FULL,balanced,0.26505249310291007,0.2831281837021553,0.28048559599520195,0.21517214160123205,0.21345669051853314,0.2514590209840065,0.03095537156793185,9.0,0.7036889954361191,0.7222258520389891,0.7142547744189872,0.6977382879544389,0.685902246964497,0.7047620313626063,0.012659170971732706,7.0
FS-PM25,classification,phaseA,0.24366264343261718,0.007626919639133885,0.161578369140625,0.0026636895813217116,0.2363790402300169,,0.00030086868214458434,"{'model__C': np.float64(0.2363790402300169), 'model__class_weight': None, 'model__gamma': 0.00030086868214458434}",,,,,,,,,,,,,,,,,,,,,,,,,10000,40,5,pr_auc,FULL,,0.19751303332564069,0.10763721167512989,0.10901249803688759,0.1073014613643623,0.20629146022893557,0.14555113292619123,0.0460977246569939,33.0,0.6732210215418097,0.40388124207490006,0.46017486037304833,0.4176073197846778,0.6853120271258237,0.5280392941800519,0.12492275271969248,32.0
FS-PM25,classification,phaseA,0.28841466903686525,0.01308685331510924,0.1680760860443115,0.005263654458064087,36.831884165358986,,0.000878900434140548,"{'model__C': np.float64(36.831884165358986), 'model__class_weight': None, 'model__gamma': 0.000878900434140548}",,,,,,,,,,,,,,,,,,,,,,,,,10000,40,5,pr_auc,FULL,,0.10872925181376537,0.10870375760535826,0.10400841610544356,0.11128010214277208,0.12710923585896985,0.11196615270526182,0.007927546325764874,39.0,0.45595696981620604,0.4768913765233131,0.4343354047487683,0.49740477258542676,0.53530874812672,0.47997945436008677,0.034741812610387016,38.0
FS-PM25,classification,phaseA,0.23785982131958008,0.0026300171587608947,0.1668844223022461,0.0010262478307408443,0.190696013320627,,0.005130551760589832,"{'model__C': np.float64(0.190696013320627), 'model__class_weight': None, 'model__gamma': 0.005130551760589832}",,,,,,,,,,,,,,,,,,,,,,,,,10000,40,5,pr_auc,FULL,,0.1786519761910602,0.12476227361250211,0.15395017019454943,0.10960865399507959,0.1482455850605655,0.1430437318107514,0.02394190003192873,34.0,0.6617348091258188,0.4211761090300162,0.6137015903437195,0.40048783936651583,0.6078887860659541,0.5409978267864048,0.10810916444408701,25.0
FS-PM25,classification,phaseA,0.2452167510986328,0.004335309974054729,0.1634352207183838,0.002169491984802687,0.013399717231179723,,0.3828726839315699,"{'model__C': np.float64(0.013399717231179723), 'model__class_weight': None, 'model__gamma': 0.3828726839315699}",,,,,,,,,,,,,,,,,,,,,,,,,10000,40,5,pr_auc,FULL,,0.15181572846888414,0.1491823033367139,0.1330940385150377,0.1860435207517527,0.18662974365244245,0.16135306694496618,0.021383123693128427,30.0,0.4478104787095803,0.465060593741228,0.46670369079768853,0.6211565279294742,0.6440403584067464,0.5289543299169435,0.08519144963423031,31.0
FS-PM25,classification,phaseA,0.8238908290863037,0.14190561003170787,0.18096632957458497,0.003585970659649853,2.381502906658355,,0.42684077100654944,"{'model__C': np.float64(2.381502906658355), 'model__class_weight': None, 'model__gamma': 0.42684077100654944}",,,,,,,,,,,,,,,,,,,,,,,,,10000,40,5,pr_auc,FULL,,0.1826070547015127,0.18955091767709095,0.1865091369826738,0.14792199989106375,0.15954959232101998,0.1732277403146722,0.016482022848839158,22.0,0.5271233948084942,0.5584485195187348,0.5233772299174337,0.48556351419878296,0.514114269475433,0.5217253855837758,0.023435296839498982,35.0
FS-PM25,classification,phaseA,0.2464132785797119,0.001761652293507674,0.16267623901367187,0.002266121477543279,0.17638479543546878,,0.0006490003020716534,"{'model__C': np.float64(0.17638479543546878), 'model__class_weight': None, 'model__gamma': 0.0006490003020716534}",,,,,,,,,,,,,,,,,,,,,,,,,10000,40,5,pr_auc,FULL,,0.09553359342990354,0.10557479908882861,0.09408017276520442,0.0996862619341352,0.20574731856091583,0.1201244291557975,0.042996981515413965,38.0,0.3904862877115258,0.41562974901026994,0.3851804260920909,0.4305212884225308,0.6836506675799287,0.46109368376326926,0.11250020340703624,39.0
FS-PM25,classification,phaseA,0.6952500820159913,0.06992299286512721,0.16273107528686523,0.003719065395760392,517.9261664176364,,0.00044145368764944787,"{'model__C': np.float64(517.9261664176364), 'model__class_weight': None, 'model__gamma': 0.00044145368764944787}",,,,,,,,,,,,,,,,,,,,,,,,,10000,40,5,pr_auc,FULL,,0.26503609308563336,0.28836923894321054,0.2830496985593045,0.21517214160123205,0.2170277260638176,0.2537309796506396,0.031689476772650445,6.0,0.7035359754779443,0.7222427911839011,0.714262034052521,0.6977382879544389,0.6859216780702969,0.7047401533478204,0.012661909164700624,9.0
FS-PM25,classification,phaseA,0.5657320976257324,0.035225189719835646,0.16768803596496581,0.0035173089007162757,445.1314315649202,,0.0002642269059725537,"{'model__C': np.float64(445.1314315649202), 'model__class_weight': None, 'model__gamma': 0.0002642269059725537}",,,,,,,,,,,,,,,,,,,,,,,,,10000,40,5,pr_auc,FULL,,0.26505249310291007,0.28836923894321054,0.2830496985593045,0.21517214160123205,0.20942426388947286,0.25221356721922594,0.03354379019413531,8.0,0.7036889954361191,0.7222427911839011,0.714262034052521,0.6977382879544389,0.6857686581121224,0.7047401533478205,0.012704780413655567,8.0
FS-PM25,classification,phaseA,1.7822213649749756,0.11575270680064982,0.48988819122314453,0.003922182014441409,1.917223980220144,,scale,"{'model__C': np.float64(1.917223980220144), 'model__class_weight': 'balanced', 'model__gamma': 'scale'}",,,,,,,,,,,,,,,,,,,,,,,,,10000,40,5,pr_auc,FULL,balanced,0.18974565127279325,0.20218600623053523,0.21047052447639453,0.20666626328576979,0.19250903614509207,0.20031549628211698,0.007995224700037813,19.0,0.6927905739705764,0.6950385244552855,0.7047373948563077,0.6881107134498362,0.6763931495636502,0.6914140712591312,0.00926372099924013,16.0
FS-PM25,classification,phaseA,0.5281828880310059,0.05316332096456707,0.165993070602417,0.003157526415770825,290.2652141826387,,0.0003078589748025929,"{'model__C': np.float64(290.2652141826387), 'model__class_weight': None, 'model__gamma': 0.0003078589748025929}",,,,,,,,,,,,,,,,,,,,,,,,,10000,40,5,pr_auc,FULL,,0.26505249310291007,0.28836923894321054,0.2830496985593045,0.21517214160123205,0.21296168564963278,0.252921051571258,0.032659492830436725,7.0,0.7036889954361191,0.7222427911839011,0.714262034052521,0.6977382879544389,0.685890102523372,0.7047644422300704,0.012668552100798269,6.0
FS-PM25,classification,phaseA,1.5226251602172851,0.03003708936182463,0.4888586521148682,0.0022002908964074146,0.6046293018986841,,scale,"{'model__C': np.float64(0.6046293018986841), 'model__class_weight': 'balanced', 'model__gamma': 'scale'}",,,,,,,,,,,,,,,,,,,,,,,,,10000,40,5,pr_auc,FULL,balanced,0.18996109412265885,0.21058054227345774,0.21211252240541278,0.20660879347150027,0.19556575236849214,0.20296574092830438,0.008704037131969823,16.0,0.6950494400198197,0.6945811675426623,0.7066007007966237,0.6882350503198628,0.6783411179200944,0.6925614953198126,0.00925532813968445,13.0
FS-PM25,classification,phaseA,1.3661890029907227,0.03376474316876536,0.4969316005706787,0.008872699680914902,0.13793542352772473,,scale,"{'model__C': np.float64(0.13793542352772473), 'model__class_weight': 'balanced', 'model__gamma': 'scale'}",,,,,,,,,,,,,,,,,,,,,,,,,10000,40,5,pr_auc,FULL,balanced,0.20068445534936288,0.20535424414820236,0.206513863919718,0.20228355166476725,0.19228225988886385,0.20142367499418284,0.005024155667807827,17.0,0.7004998651967036,0.6968243943045755,0.7009212474954264,0.687257421204556,0.6759535207949265,0.6922912897992376,0.009535915744352568,15.0
FS-PM25,classification,phaseA,0.405486011505127,0.051208518417647154,0.1845801830291748,0.007890281512493954,0.5792209767841348,,scale,"{'model__C': np.float64(0.5792209767841348), 'model__class_weight': None, 'model__gamma': 'scale'}",,,,,,,,,,,,,,,,,,,,,,,,,10000,40,5,pr_auc,FULL,,0.1759691813491719,0.14208113577990028,0.18502576791534817,0.1638873398088806,0.16115137000724866,0.16562295897210993,0.014565289103393185,26.0,0.5228679826383069,0.4628802838032737,0.6033953306037112,0.5669115209080979,0.5736560354229059,0.5459422306752592,0.04886784779071766,23.0
